"SampleID","avg_NPOC","avg_TN","SRP_uM","SRP_mgL","Q..L.s.","Date","Site","month_year","mean_slope","area_km2","Low","Moderate","High","pct_burned","Moderate_High","Fluoride_mgL","Chloride_mgL","Sulfate_mgL","Bromide_mgL","NitrateN_mgL","time_since","biome_type","ignition_date","burn_period","z_pct_burn","z_mean_slope","z_time_since","z_mod_high"
"R102",0.4707,0.1595,0.01797379497,0.0005566484302209,182.077024,2025-01-11,"bigrock","01.25",30.9356496711913,59.4726369406827,22.36,10.884,2.101,35.345,12.985,0.206225,3.406425,48.1775,0.367125,0.19145,4.32328767123288,"montane",2020-09-06,"older_burn",-0.193060907410932,1.1564904138468,-0.548501162328001,-0.624634321679703
"R103",0.825233333333333,0.176966666666667,1.42072973845657,0.044,16.99008,2025-01-02,"santiago","01.25",30.2474959955051,32.6311030982699,NA,NA,NA,23.7980499870094,23.7980499870094,0.265166666666667,28.2063333333333,202.757166666667,0.012,0.0826666666666667,0.312328767123288,"coastal",2024-09-09,"24_25_burn",-0.52194864979834,1.04617070222813,-0.803292121347416,-0.257051414894911
"R104",1.24233333333333,0.402566666666667,1.013544464,0.03138947205008,NA,2025-01-04,"strawberry","01.25",25.1517795853814,16.8258371068259,0.295,0.105,0.005,0.406,0.11,0.0737,9.45325,3.6148,0.00275,0.47415,40,"montane",2018-07-25,"older_burn",-1.18821623573105,0.229263106268887,1.71781568763841,-1.06231193627872
"R105",1.46366666666667,0.188833333333333,0.06706896053,0.0020771257076141,50.156132,2025-01-10,"waterman","01.25",26.7884926871036,0.0918231790665108,NA,NA,NA,0.871002977673382,0.871002977673382,0.0982333333333333,12.1888333333333,31.4054333333333,0.254866666666667,0.3641,40,"montane",2021-06-28,"older_burn",-1.17497171840324,0.491648854923686,1.71781568763841,-1.0364421135237
"R106",3.80733333333333,0.2359,3.49800882574535,0.108333333333333,1.63059953039093,2025-01-05,"zuma","01.25",18.8910987905283,6.92647273861432,34.924,51.234,2.57,88.728,53.804,0.2235,111.987,222.21275,0.1325,0.0012,6.15342465753425,"coastal",2018-11-08,"older_burn",1.32742842805124,-0.774402970405015,-0.432244085398377,0.762982187082803
"R107",0.751666666666667,0.07981,0.03613412642,0.0011190738952274,36.9062293333332,2025-01-02,"coldwater","01.25",34.7287640588841,10.9541139614207,22.794,33.667,34.24,90.701,67.907,0.181,6.0335,63.5875,0.9105,0.60525,6.41095890410959,"coastal",2018-08-06,"older_burn",1.38362469762895,1.76457448019957,-0.415884556608879,1.24240489766066
"R108",3.27766666666667,0.199166666666667,0.5511898869,0.017070350797293,3.73846264400112,2025-01-05,"santaynez","01.25",23.0759953397363,0.387108115834147,NA,NA,NA,58.0699811968997,58.0699811968997,1.16,87.887,635.806,0.034,0.014,0,"coastal",2025-01-07,"24_25_burn",0.454206791265882,-0.103511283308822,-0.82313240094319,0.9080015637184
"R109",1.00116666666667,0.06302,0.5514981457,0.017079897572329,2.64628860770485,2025-01-07,"pine","01.25",24.3895461968214,3.40247477641918,16.501,35.07,35.53,87.101,70.6,0.6847,11.5010333333333,37.7684333333333,0.433366666666667,0.21615,4.39178082191781,"montane",2020-08-12,"older_burn",1.28108715557129,0.10706748255416,-0.544150223820156,1.33395175716475
"R110",0.3955,0.177233333333333,0.06493725895,0.0020111069096815,197.95213,2025-01-02,"lytle","01.25",29.8006911316897,119.543805261549,NA,NA,NA,9.92384966251227,9.92384966251227,0.382466666666667,1.7924,27.7913666666667,0.31185,0.349433333333333,0.487671232876712,"montane",2024-07-07,"24_25_burn",-0.917122649600968,0.974542248486641,-0.792153718767332,-0.728696222855672
"R111",1.55,0.075865,1.187559164,0.03677870730908,NA,2025-01-07,"pacoima","01.25",29.9230422770682,65.0796153294076,40.406,9.566,0.753,50.725,10.319,0.827333333333333,7.72,138.298166666667,0.0226666666666667,0.0012,8.45205479452055,"montane",2016-07-22,"older_burn",0.245002258379829,0.994156679901121,-0.286226589075093,-0.715263332982303
"R114",1.43433333333333,0.140766666666667,2.60219507,0.0805899813179,21.2209374668341,2025-01-03,"sedgwick","01.25",17.3266080582131,23.5363374873592,NA,NA,NA,58.1576370364535,58.1576370364535,0.1721,34.5345333333333,34.9766,0.0684333333333333,0.0516,0.493150684931507,"montane",2024-07-05,"24_25_burn",0.45670346191445,-1.02521056254203,-0.791805643686705,0.910981369447454
"R115",0.920433333333333,0.0527366666666667,0.5506528664,0.017053719272408,2.73465461215933,2025-01-05,"stunt","01.25",24.0868496904551,2.06245789335582,NA,NA,NA,1.69451793620722,1.69451793620722,0.2785,33.1326666666667,97.6638333333333,0.0371666666666667,0.0012,40,"coastal",2025-01-07,"24_25_burn",-1.15151582959886,0.0585414156738091,1.71781568763841,-1.00844723487223
"R116",1.423,0.0795133333333333,0.431388399,0.01336009871703,NA,2025-01-03,"mission","01.25",29.5379031390704,7.20583457216083,28.249,42.815,9.139,80.203,51.954,0.482666666666667,82.3773333333333,344.603,0.021,0.0012,15.6712328767123,"montane",2009-05-05,"older_burn",1.0846138319286,0.932414019594013,0.172362329651791,0.700092588091876
"R117",1.0325,0.06393,0.3492701836,0.010816897586092,0.475402632274759,2025-01-03,"rattlesnake","01.25",29.582816675731,5.70886057411786,2.92,6.885,0.907,10.712,7.792,0.275,15.1656666666667,287.390333333333,0.0273333333333333,0.0012,7.08219178082192,"montane",2017-12-04,"older_burn",-0.894674038940439,0.939614225866578,-0.373245359231996,-0.801167125766126
"R118",0.8289,0.062355,1.61446561188247,0.05,NA,2025-01-03,"arroyohondo","01.25",25.4879696439283,11.2736402730906,20.816,55.765,18.812,95.393,74.577,0.594333333333333,71.2976666666667,332.988333333333,0.0596666666666667,0.0012,3.22739726027397,"montane",2021-10-11,"older_burn",1.51726529411076,0.283158611907176,-0.618116178453524,1.46914739780633
"R119",0.8029,2.065,0.2294882435,0.007107250901195,NA,2025-01-02,"silverado","01.25",31.1603232297385,48.3780520766323,2.599,2.31,0.137,5.046,2.447,0.566,54.703,539.727,0.00275,7.307,40,"coastal",2020-12-03,"older_burn",-1.05605673707896,1.19250841834637,1.71781568763841,-0.982867075283154
"R120",3.85633333333333,1.66333333333333,0.2679818349,0.008299397426853,7.70467747016952,2025-01-03,"refugio","01.25",19.1964115614845,20.5083890270747,19.29,16.247,1.053,36.59,17.3,1.31,211.563833333333,1441.343,0.190333333333333,1.27583333333333,3.22739726027397,"montane",2021-10-11,"older_burn",-0.157600007449326,-0.725457483320619,-0.618116178453524,-0.477948581330596
"R121",1.07133333333333,2.26533333333333,0.09969528646,0.0030875630216662,231.896894,2025-01-02,"cajon","01.25",17.0647835935242,152.524925097649,30.09,12.783,2.072,44.945,14.855,0.669,21.8915,121.7275,0.0115,3.489,8.38356164383562,"desert",2016-08-16,"older_burn",0.080372538076149,-1.06718432575761,-0.290577527582938,-0.561064835132118
"R122",1.2765,0.18715,0.1194580001,0.003699614263097,11.32672,2025-02-06,"santiago","02.25.1",30.2474959955051,32.6311030982699,NA,NA,NA,23.7980499870094,23.7980499870094,0.343333333333333,31.9346666666667,214.705,0.017,0.0606666666666667,0.312328767123288,"coastal",2024-09-09,"24_25_burn",-0.52194864979834,1.04617070222813,-0.803292121347416,-0.257051414894911
"R123",1.923,0.08935,0.5168205757,0.016005933229429,1.73904464509245,2025-02-10,"stunt","02.25.1",24.0868496904551,2.06245789335582,NA,NA,NA,1.69451793620722,1.69451793620722,0.344833333333333,36.6046666666667,101.679333333333,0.0155,0.0012,40,"coastal",2025-01-07,"24_25_burn",-1.15151582959886,0.0585414156738091,1.71781568763841,-1.00844723487223
"R124",3.277,1.079,0.05498295657,0.0017028221649729,351.48228,2025-01-14,"santamargarita","01.25",11.3813252796132,1604.16380962895,NA,NA,NA,1.31776257782407,1.31776257782407,0.557333333333333,155.197333333333,294.710666666667,0.053,0.638333333333333,40,"coastal",2024-07-29,"24_25_burn",-1.16224682082265,-1.97831436013857,1.71781568763841,-1.02125479887569
"R125",1.39833333333333,0.145066666666667,2.779824909,0.08609117743173,14.689680463611,2025-02-08,"sedgwick","02.25.1",17.3266080582131,23.5363374873592,NA,NA,NA,58.1576370364535,58.1576370364535,0.2028,43.92065,41.89415,0.06315,0.036025,0.493150684931507,"montane",2024-07-05,"24_25_burn",0.45670346191445,-1.02521056254203,-0.791805643686705,0.910981369447454
"R126",5.46033333333333,0.292133333333333,0.07399699068,0.0022916868013596,2.29352948470586,2025-01-11,"crowder","01.25",15.249258823741,63.4891935874839,18.444,1.707,0.014,20.166,1.721,0.644666666666667,75.1633333333333,38.313,0.0933333333333333,0.0012,8.38356164383562,"desert",2016-08-16,"older_burn",-0.625399060436807,-1.35823583956272,-0.290577527582938,-1.00754699358986
"R127",9.42466666666667,2.78633333333333,6.56164265,0.2032140728705,NA,2025-02-15,"ortega","02.25",14.4730195967755,4.38190316790589,NA,NA,NA,100.000000000041,100.000000000041,0.3135,119.24,240.685,0.0605,4.257,0.312328767123288,"coastal",2024-09-09,"24_25_burn",1.64848486529517,-1.48267677578316,-0.803292121347416,2.3333864654544
"R128",2.02233333333333,0.1024,0.3793433309,0.011748262957973,5.85544581984874,2025-02-08,"rattlesnake","02.25.1",29.582816675731,5.70886057411786,2.92,6.885,0.907,10.712,7.792,0.404333333333333,17.832,316.475666666667,0.0313333333333333,0.0012,7.08219178082192,"montane",2017-12-04,"older_burn",-0.894674038940439,0.939614225866578,-0.373245359231996,-0.801167125766126
"R129",0.654633333333333,0.150233333333333,0.1603309049,0.004965448124753,8.06401454956714,2025-01-12,"forsee","01.25",28.2041879316069,7.35221658837777,39.679,26.075,6.181,71.936,32.256,0.260366666666667,0.9112,7.03048333333333,0.07142,0.213766666666667,4.32602739726027,"montane",2020-09-05,"older_burn",0.84914775965342,0.71860265409912,-0.548327124787687,0.0304713335387553
"R130",1.2925,1.2545,0.1757857414,0.005444084411158,7.07879416997437,2025-02-06,"silverado","02.25.1",31.1603232297385,48.3780520766323,2.599,2.31,0.137,5.046,2.447,0.5205,48.1455,523.403,0.00275,0.8815,40,"coastal",2020-12-03,"older_burn",-1.05605673707896,1.19250841834637,1.71781568763841,-0.982867075283154
"R131",7.475,0.746066666666667,2.294895409,0.07107291081673,7.96012385370888,2025-02-10,"santaynez","02.25.1",23.0759953397363,0.387108115834147,NA,NA,NA,58.0699811968997,58.0699811968997,1.121,72.6216666666667,714.657666666667,0.0473333333333333,0.00733333333333333,0,"coastal",2025-01-07,"24_25_burn",0.454206791265882,-0.103511283308822,-0.82313240094319,0.9080015637184
"R132",0.577533333333333,0.0418266666666667,1.6359918200409,0.0506666666666667,1.91388138418914,2025-01-12,"barton","01.25",21.6517976843786,15.2967350399924,20.066,28.683,11.698,60.447,40.381,0.161275,1.294375,7.403625,0.0124,0.01125,9.55068493150685,"montane",2015-06-17,"older_burn",0.521910587236642,-0.331828126156992,-0.216437535409256,0.306675653431339
"R133",2.60833333333333,4.10233333333333,2.8777175,0.089122910975,2.690096,2025-01-14,"diamond","01.25",15.2089878478731,26.5934306170268,NA,NA,NA,0.0046018310315058,0.0046018310315058,0.37275,193.37175,206.562,0.23525,4.628,40,"coastal",2021-06-04,"older_burn",-1.19964911951785,-1.36469178479896,1.71781568763841,-1.06589488145753
"R134",1.153,0.3379,0.3143463444,0.009735306286068,34.2142464137235,2025-01-11,"pallet","01.25",19.8662659314922,38.7877828348892,50.071,17.998,1.485,69.554,19.483,0.2732,3.56175,53.25605,0.5261,0.5905,4.32328767123288,"montane",2020-09-06,"older_burn",0.781302085991938,-0.618071381150827,-0.548501162328001,-0.403738854521302
"R135",0.872966666666667,0.10254,0.1366100707,0.004230813889579,38.22768,2025-02-06,"coldwater","02.25.1",34.7287640588841,10.9541139614207,22.794,33.667,34.24,90.701,67.907,0.15875,6.288,63.81825,0.843,0.55375,6.41095890410959,"coastal",2018-08-06,"older_burn",1.38362469762895,1.76457448019957,-0.415884556608879,1.24240489766066
"R136",1.41066666666667,0.13,0.4299911554,0.013316826082738,2.67351097562138,2025-02-06,"trabuco","02.25.1",31.6785825231332,35.4384843126044,NA,NA,NA,64.1097489734157,64.1097489734157,0.25425,13.756,240.854,0.0085,0.017,0.312328767123288,"coastal",2024-09-09,"24_25_burn",0.626235386377822,1.27559191816781,-0.803292121347416,1.11331971153646
"R137",0.975533333333333,0.129566666666667,0.2354733857,0.007292610755129,73.8442801325346,2025-01-12,"bear","01.25",14.723938054294,229.250933456905,NA,NA,NA,7.02211989846269,7.02211989846269,0.29184,5.29212,5.84214,0.16368,0.13378,0.320547945205479,"montane",2024-09-06,"24_25_burn",-0.999771604523519,-1.44245138303838,-0.802770008726474,-0.827338720823842
"R138",0.812666666666667,0.5296,0.07932624464,0.0024567337965008,NA,2025-01-12,"mill","01.25",30.0830872411107,107.807914238451,10.913,11.495,6.75,29.158,18.245,0.652333333333333,3.42396666666667,34.6412666666667,0.00275,0.538766666666667,4.32602739726027,"montane",2020-09-05,"older_burn",-0.369283066497241,1.01981390575488,-0.548327124787687,-0.445823894278474
"R139",1.49266666666667,0.07531,0.0574763034,0.001780041116298,215.844808,2025-01-10,"deep","01.25",16.2061012581587,349.285051847973,0.376,0.335,0.021,0.732,0.356,1.896,8.1916,35.02725,0.00275,0.0012,40,"montane",2016-08-07,"older_burn",-1.17893089164472,-1.20484193183681,1.71781568763841,-1.05394931933182
"R140",2.4005,0.13885,1.018340793,0.03153801435921,NA,2025-01-10,"willow","01.25",11.5392255058093,18.2661940993031,1.219,0.476,0.01,1.705,0.486,0.103,69.46925,21.9005,1.77775,0.5345,40,"montane",2003-10-25,"older_burn",-1.15121727263858,-1.95300096280605,1.71781568763841,-1.04953005021354
"R141",3.15666666666667,0.4549,0.2348848198,0.007274382869206,289.486186,2025-01-10,"wfmojave","01.25",17.9076920863017,133.947130888879,3.85,6.078,3.333,13.261,9.411,0.137966666666667,76.9822666666667,31.1013666666667,0.1766,0.684133333333333,8.40821917808219,"montane",2016-08-07,"older_burn",-0.822071762633505,-0.93205546554857,-0.289011189720113,-0.746130228054607
"R142",6.282,0.4197,4.567654855,0.14146027085935,NA,2025-02-10,"zuma","02.25.1",18.8910987905283,6.92647273861432,34.924,51.234,2.57,88.728,53.804,0.415666666666667,116.991333333333,222.983,0.0563333333333333,0.037,6.15342465753425,"coastal",2018-11-08,"older_burn",1.32742842805124,-0.774402970405015,-0.432244085398377,0.762982187082803
"R143",2.384,0.1341,0.590929403,0.01830108361091,3.74513023549149,2025-02-08,"mission","02.25.1",29.5379031390704,7.20583457216083,28.249,42.815,9.139,80.203,51.954,0.580666666666667,80.891,357.274333333333,0.00533333333333333,0.0012,15.6712328767123,"montane",2009-05-05,"older_burn",1.0846138319286,0.932414019594013,0.172362329651791,0.700092588091876
"R144",4.11066666666667,1.36133333333333,0.397065007,0.01229710326679,20.6717863246532,2025-02-08,"refugio","02.25.1",19.1964115614845,20.5083890270747,19.29,16.247,1.053,36.59,17.3,1.451,177.502333333333,1171.636,0.0866666666666667,0.786333333333333,3.22739726027397,"montane",2021-10-11,"older_burn",-0.157600007449326,-0.725457483320619,-0.618116178453524,-0.477948581330596
"R145",2.647,0.687433333333333,0.4899695513,0.015174357003761,1.64197124462245,2025-02-08,"arroyohondo","02.25.1",25.4879696439283,11.2736402730906,20.816,55.765,18.812,95.393,74.577,0.490666666666667,35.4273333333333,210.471666666667,0.00566666666666667,0.393666666666667,3.22739726027397,"montane",2021-10-11,"older_burn",1.51726529411076,0.283158611907176,-0.618116178453524,1.46914739780633
"R146",4.306,0.6645,0.6070898792,0.018801573558824,0,2025-02-16,"wfmojave","02.25.2",17.9076920863017,133.947130888879,3.85,6.078,3.333,13.261,9.411,0.1848,33.494,25.7259,0.604,0.7855,8.40821917808219,"montane",2016-08-07,"older_burn",-0.822071762633505,-0.93205546554857,-0.289011189720113,-0.746130228054607
"R147",1.4275,0.78445,0.3178372787,0.009843420521339,NA,2025-02-20,"mill","02.25",30.0830872411107,107.807914238451,10.913,11.495,6.75,29.158,18.245,0.6835,4.4202,44.0596666666667,0.41985,1.00363333333333,4.32602739726027,"montane",2020-09-05,"older_burn",-0.369283066497241,1.01981390575488,-0.548327124787687,-0.445823894278474
"R148",9.116,1.54033333333333,1.917047954,0.05937097513538,12.2870311727031,2025-03-14,"santaynez","03.25",23.0759953397363,0.387108115834147,NA,NA,NA,58.0699811968997,58.0699811968997,0.756666666666667,53.5683333333333,562.553666666667,0.01,0.269666666666667,0,"coastal",2025-01-07,"24_25_burn",0.454206791265882,-0.103511283308822,-0.82313240094319,0.9080015637184
"R149",3.473,0.8024,0.6774975345,0.020982098643465,187,2025-02-18,"pacoima","02.25",29.9230422770682,65.0796153294076,40.406,9.566,0.753,50.725,10.319,0.2555,8.072,96.171,0.00275,1.289,8.45205479452055,"montane",2016-07-22,"older_burn",0.245002258379829,0.994156679901121,-0.286226589075093,-0.715263332982303
"R150",2.235,0.2564,0.4259648423,0.013192131166031,7.89771843282121,2025-02-18,"pine","02.25",24.3895461968214,3.40247477641918,16.501,35.07,35.53,87.101,70.6,0.49175,11.635,26.58475,0.017,0.47775,4.39178082191781,"montane",2020-08-12,"older_burn",1.28108715557129,0.10706748255416,-0.544150223820156,1.33395175716475
"R151",1.20166666666667,0.600133333333333,0.02893513819,0.0008961212297443,418.73468,2025-02-18,"bigrock","02.25",30.9356496711913,59.4726369406827,22.36,10.884,2.101,35.345,12.985,0.1345,3.1365,39.42825,0.00275,0.90625,4.32328767123288,"montane",2020-09-06,"older_burn",-0.193060907410932,1.1564904138468,-0.548501162328001,-0.624634321679703
"R152",7.82433333333333,1.867,4.997087806,0.15475980935182,14.6997667380046,2025-02-17,"zuma","02.25.2",18.8910987905283,6.92647273861432,34.924,51.234,2.57,88.728,53.804,0.330666666666667,115.274,257.421333333333,0.0523333333333333,4.296,6.15342465753425,"coastal",2018-11-08,"older_burn",1.32742842805124,-0.774402970405015,-0.432244085398377,0.762982187082803
"R153",2.99733333333333,0.1649,0.386192579,0.01196038417163,6.94693379880141,2025-02-17,"stunt","02.25.2",24.0868496904551,2.06245789335582,NA,NA,NA,1.69451793620722,1.69451793620722,0.294166666666667,34.5825,117.721166666667,0.0183333333333333,0.0012,40,"coastal",2025-01-07,"24_25_burn",-1.15151582959886,0.0585414156738091,1.71781568763841,-1.00844723487223
"R154",3.96433333333333,0.7856,0.4818609961,0.014923235049217,NA,2025-02-16,"willow","02.25",11.5392255058093,18.2661940993031,1.219,0.476,0.01,1.705,0.486,0.100433333333333,73.2742,16.3634666666667,0.886166666666667,0.737466666666667,40,"montane",2003-10-25,"older_burn",-1.15121727263858,-1.95300096280605,1.71781568763841,-1.04953005021354
"R155",9.49466666666667,1.96333333333333,5.991394389,0.18555348422733,4417.4208,2025-02-15,"santamargarita","02.25",11.3813252796132,1604.16380962895,NA,NA,NA,1.31776257782407,1.31776257782407,0.315333333333333,156.411833333333,214.656666666667,0.0751666666666667,3.745,40,"coastal",2024-07-29,"24_25_burn",-1.16224682082265,-1.97831436013857,1.71781568763841,-1.02125479887569
"R156",1.26766666666667,0.311666666666667,0.171744835,0.00531893753995,22.3011329740896,2025-02-18,"pallet","02.25",19.8662659314922,38.7877828348892,50.071,17.998,1.485,69.554,19.483,0.3025,3.7855,51.5555,0.00275,0.69225,4.32328767123288,"montane",2020-09-06,"older_burn",0.781302085991938,-0.618071381150827,-0.548501162328001,-0.403738854521302
"R157",8.15,6.56933333333333,7.392560475,0.22894759791075,62.013792,2025-02-15,"diamond","02.25",15.2089878478731,26.5934306170268,NA,NA,NA,0.0046018310315058,0.0046018310315058,0.469625,225.476875,297.753875,0.121125,9.013875,40,"coastal",2021-06-04,"older_burn",-1.19964911951785,-1.36469178479896,1.71781568763841,-1.06589488145753
"R158",2.54066666666667,0.1251,0.7253200786,0.022463162834242,8.31525036617445,2025-03-14,"stunt","03.25",24.0868496904551,2.06245789335582,NA,NA,NA,1.69451793620722,1.69451793620722,0.594,54.8685,185.382,0.023,0.0012,40,"coastal",2025-01-07,"24_25_burn",-1.15151582959886,0.0585414156738091,1.71781568763841,-1.00844723487223
"R159",7.629,0.881333333333333,0.1662730876,0.005149477522972,2.50298429097763,2025-02-18,"government","02.25",23.4870495927586,6.41384466375615,NA,NA,NA,99.9999999999946,99.9999999999946,0.262,25.7635,82.11475,1.09,1.07325,0.315068493150685,"montane",2024-09-08,"24_25_burn",1.64848486529383,-0.0376141032816549,-0.803118083807102,2.33338646545281
"R160",14.94,2.575,2.53443226,0.0784913670922,0.424028716509748,2025-02-17,"topanga","02.25",22.6053601073068,50.5116383921508,NA,NA,NA,18.5553946879625,18.5553946879625,0.60375,118.74925,668.69325,0.0515,0.34425,0,"coastal",2025-01-07,"24_25_burn",-0.671273368748286,-0.178960045632785,-0.82313240094319,-0.435272219978539
"R161",0.8709,0.4783,0.6146143615,0.019034606775655,986.295926153845,2025-02-16,"lytle","02.25",29.8006911316897,119.543805261549,NA,NA,NA,9.92384966251227,9.92384966251227,0.257266666666667,2.18813333333333,34.1512666666667,0.80885,0.737433333333333,0.487671232876712,"montane",2024-07-07,"24_25_burn",-0.917122649600968,0.974542248486641,-0.792153718767332,-0.728696222855672
"R162",2.54633333333333,0.658233333333333,0.2244162107,0.006950170045379,148.415428,2025-02-15,"coldwater","02.25.2",34.7287640588841,10.9541139614207,22.794,33.667,34.24,90.701,67.907,0.158266666666667,8.23036666666667,72.2382333333333,0.3261,1.03706666666667,6.41095890410959,"coastal",2018-08-06,"older_burn",1.38362469762895,1.76457448019957,-0.415884556608879,1.24240489766066
"R163",7.41766666666667,0.945566666666667,0.4119908038,0.012759355193686,7.71267455287327,2025-02-16,"crowder","02.25",15.249258823741,63.4891935874839,18.444,1.707,0.014,20.166,1.721,0.644,86.70425,55.575,0.153,1.74875,8.38356164383562,"desert",2016-08-16,"older_burn",-0.625399060436807,-1.35823583956272,-0.290577527582938,-1.00754699358986
"R164",17.6,3.94033333333333,2.418877711,0.07491264270967,NA,2025-02-15,"trabuco","02.25.2",31.6785825231332,35.4384843126044,NA,NA,NA,64.1097489734157,64.1097489734157,0.2255,14.595,226.026,0.0545,3.4935,0.312328767123288,"coastal",2024-09-09,"24_25_burn",0.626235386377822,1.27559191816781,-0.803292121347416,1.11331971153646
"R165",2.83566666666667,1.79633333333333,0.3297589622,0.010212635059334,533.24074,2025-02-16,"cajon","02.25",17.0647835935242,152.524925097649,30.09,12.783,2.072,44.945,14.855,0.79825,25.06,110.708,0.01075,3.0175,8.38356164383562,"desert",2016-08-16,"older_burn",0.080372538076149,-1.06718432575761,-0.290577527582938,-0.561064835132118
"R166",7.47,1.618,1.525076713,0.04723162580161,427.58368,2025-02-15,"santiago","02.25.2",30.2474959955051,32.6311030982699,NA,NA,NA,23.7980499870094,23.7980499870094,0.16375,18.925,189.003,0.008,2.62875,0.312328767123288,"coastal",2024-09-09,"24_25_burn",-0.52194864979834,1.04617070222813,-0.803292121347416,-0.257051414894911
"R167",10.16,1.98066666666667,1.998581632,0.06189607314304,9.15236375450599,2025-02-17,"santaynez","02.25.2",23.0759953397363,0.387108115834147,NA,NA,NA,58.0699811968997,58.0699811968997,0.75,63.2573333333333,680.327333333333,0.0133333333333333,0.551666666666667,0,"coastal",2025-01-07,"24_25_burn",0.454206791265882,-0.103511283308822,-0.82313240094319,0.9080015637184
"R168",4.08966666666667,0.326733333333333,0.8639802402,0.026757468038994,1.65191759345164,2025-04-19,"santaynez","04.25",23.0759953397363,0.387108115834147,NA,NA,NA,58.0699811968997,58.0699811968997,0.923,55.0466666666667,645.461666666667,0.0236666666666667,0.0166666666666667,0,"coastal",2025-01-07,"24_25_burn",0.454206791265882,-0.103511283308822,-0.82313240094319,0.9080015637184
"R169",4.11466666666667,1.514,0.6585939844,0.020396655696868,121.748741593146,2025-02-15,"silverado","02.25.2",31.1603232297385,48.3780520766323,2.599,2.31,0.137,5.046,2.447,0.574666666666667,41.6523333333333,628.299666666667,0.011,0.942666666666667,40,"coastal",2020-12-03,"older_burn",-1.05605673707896,1.19250841834637,1.71781568763841,-0.982867075283154
"R170",9.5125,0.2802,1.618991237,0.05014015860989,2.01644537584161,2025-02-20,"james","02.25",23.0698825511274,2.79902495642221,NA,NA,NA,0,0,0.22525,6.87156666666667,3.38078333333333,0.2194,0.00753333333333333,40,"montane",1984-01-01,"older_burn",-1.19978019186311,-0.10449124040321,1.71781568763841,-1.06605131784034
"R171",3.13266666666667,1.78866666666667,0.3958669133,0.012259998304901,166.431992,2025-02-16,"waterman","02.25",26.7884926871036,0.0918231790665108,NA,NA,NA,0.871002977673382,0.871002977673382,0.231433333333333,17.5694666666667,47.3504,0.545866666666667,2.6005,40,"montane",2021-06-28,"older_burn",-1.17497171840324,0.491648854923686,1.71781568763841,-1.0364421135237
"R172",1.03166666666667,0.2067,0.2116876286,0.006555965857742,28.562745745283,2025-02-20,"forsee","02.25",28.2041879316069,7.35221658837777,39.679,26.075,6.181,71.936,32.256,0.310766666666667,1.53573333333333,7.41346666666667,0.0169666666666667,0.238966666666667,4.32602739726027,"montane",2020-09-05,"older_burn",0.84914775965342,0.71860265409912,-0.548327124787687,0.0304713335387553
"R173",2.04833333333333,0.126366666666667,0.408917934,0.01266418841598,NA,2025-02-22,"mission","02.25.2",29.5379031390704,7.20583457216083,28.249,42.815,9.139,80.203,51.954,0.580666666666667,68.8903333333333,304.168333333333,0.00666666666666667,0.0012,15.6712328767123,"montane",2009-05-05,"older_burn",1.0846138319286,0.932414019594013,0.172362329651791,0.700092588091876
"R174",9.616,1.9465,2.802010297,0.08677825889809,NA,2025-03-14,"topanga","03.25",22.6053601073068,50.5116383921508,NA,NA,NA,18.5553946879625,18.5553946879625,0.659,94.7256666666667,545.415666666667,0.0253333333333333,0.681666666666667,0,"coastal",2025-01-07,"24_25_burn",-0.671273368748286,-0.178960045632785,-0.82313240094319,-0.435272219978539
"R175",0.6518,0.05916,0.43985466,0.0136222988202,5.08649077538366,2025-02-20,"barton","02.25",21.6517976843786,15.2967350399924,20.066,28.683,11.698,60.447,40.381,0.077025,1.3566,7.2999,0.007,0.0207,9.55068493150685,"montane",2015-06-17,"older_burn",0.521910587236642,-0.331828126156992,-0.216437535409256,0.306675653431339
"R176",8.547,1.3395,7.442575086,0.23049655041342,1.61876241613147,2025-03-14,"zuma","03.25",18.8910987905283,6.92647273861432,34.924,51.234,2.57,88.728,53.804,0.6375,141.208,269.6985,0.071,3.011,6.15342465753425,"coastal",2018-11-08,"older_burn",1.32742842805124,-0.774402970405015,-0.432244085398377,0.762982187082803
"R177",1.63933333333333,0.391533333333333,0.1208902625,0.003743971429625,70.154872,2025-03-15,"coldwater","03.25",34.7287640588841,10.9541139614207,22.794,33.667,34.24,90.701,67.907,0.123766666666667,6.31796666666667,54.5362,0.00275,0.726633333333333,6.41095890410959,"coastal",2018-08-06,"older_burn",1.38362469762895,1.76457448019957,-0.415884556608879,1.24240489766066
"R178",1.472,0.11035,0.3061273895,0.009480765252815,11.7559446253837,2025-02-22,"rattlesnake","02.25.2",29.582816675731,5.70886057411786,2.92,6.885,0.907,10.712,7.792,0.334,12.9413333333333,266.557666666667,0.018,0.0012,7.08219178082192,"montane",2017-12-04,"older_burn",-0.894674038940439,0.939614225866578,-0.373245359231996,-0.801167125766126
"R179",7.25,2.26566666666667,3.164989407,0.09801972193479,NA,2025-03-15,"trabuco","03.25",31.6785825231332,35.4384843126044,NA,NA,NA,64.1097489734157,64.1097489734157,0.134933333333333,12.0395666666667,187.3742,0.0309,2.3419,0.312328767123288,"coastal",2024-09-09,"24_25_burn",0.626235386377822,1.27559191816781,-0.803292121347416,1.11331971153646
"R180",3.91,2.15066666666667,0.8797738286,0.027246595471742,26.7616456275653,2025-02-22,"refugio","02.25.2",19.1964115614845,20.5083890270747,19.29,16.247,1.053,36.59,17.3,1.915,181.219333333333,1257.18866666667,0.0716666666666667,1.6,3.22739726027397,"montane",2021-10-11,"older_burn",-0.157600007449326,-0.725457483320619,-0.618116178453524,-0.477948581330596
"R181",1.98066666666667,0.3204,0.424534092,0.01314782082924,374.565728023771,2025-02-20,"bear","02.25",14.723938054294,229.250933456905,NA,NA,NA,7.02211989846269,7.02211989846269,0.2265,5.5695,5.48036666666667,0.1525,0.295,0.320547945205479,"montane",2024-09-06,"24_25_burn",-0.999771604523519,-1.44245138303838,-0.802770008726474,-0.827338720823842
"R182",5.82233333333333,0.4991,0.571006113,0.01768405931961,25.9971492979452,2025-04-19,"topanga","04.25",22.6053601073068,50.5116383921508,NA,NA,NA,18.5553946879625,18.5553946879625,0.790333333333333,117.577,536.371333333333,0.044,0.0503333333333333,0,"coastal",2025-01-07,"24_25_burn",-0.671273368748286,-0.178960045632785,-0.82313240094319,-0.435272219978539
"R183",1.284,0.208433333333333,0.5137216846,0.015909960572062,23.0885366509891,2025-02-22,"arroyohondo","02.25.2",25.4879696439283,11.2736402730906,20.816,55.765,18.812,95.393,74.577,0.535666666666667,41.0386666666667,255.007,0.012,0.0753333333333333,3.22739726027397,"montane",2021-10-11,"older_burn",1.51726529411076,0.283158611907176,-0.618116178453524,1.46914739780633
"R184",1.182,0.1024,2.91550819,0.0902932886443,14.5407113770335,2025-02-22,"sedgwick","02.25.2",17.3266080582131,23.5363374873592,NA,NA,NA,58.1576370364535,58.1576370364535,0.1482,38.3506,41.52835,0.035,0.01665,0.493150684931507,"montane",2024-07-05,"24_25_burn",0.45670346191445,-1.02521056254203,-0.791805643686705,0.910981369447454
"R185",3.78666666666667,0.3081,0.7741713416,0.023976086449352,NA,2025-02-20,"strawberry","02.25",25.1517795853814,16.8258371068259,0.295,0.105,0.005,0.406,0.11,0.137666666666667,11.7001,5.1971,0.00275,0.288733333333333,40,"montane",2018-07-25,"older_burn",-1.18821623573105,0.229263106268887,1.71781568763841,-1.06231193627872
"R186",2.0335,0.1735,0.3221884121,0.009978175122737,10.6055222779818,2025-03-16,"mission","03.25",29.5379031390704,7.20583457216083,28.249,42.815,9.139,80.203,51.954,0.608,40.1736666666667,237.240666666667,0.00275,0.0136666666666667,15.6712328767123,"montane",2009-05-05,"older_burn",1.0846138319286,0.932414019594013,0.172362329651791,0.700092588091876
"R187",3.60466666666667,1.64566666666667,0.2831065905,0.008767811107785,35.3422002947556,2025-03-16,"refugio","03.25",19.1964115614845,20.5083890270747,19.29,16.247,1.053,36.59,17.3,0.872,99.9013333333333,647.603,0.0436666666666667,0.800333333333333,3.22739726027397,"montane",2021-10-11,"older_burn",-0.157600007449326,-0.725457483320619,-0.618116178453524,-0.477948581330596
"R188",3.125,1.41433333333333,0.1920941292,0.005949155181324,178,2025-03-15,"silverado","03.25",31.1603232297385,48.3780520766323,2.599,2.31,0.137,5.046,2.447,0.52,24.8953333333333,403.409,0.00275,0.753,40,"coastal",2020-12-03,"older_burn",-1.05605673707896,1.19250841834637,1.71781568763841,-0.982867075283154
"R189",5.29733333333333,2.95066666666667,3.756570406,0.11634098547382,10.7145297167468,2025-03-15,"ortega","03.25",14.4730195967755,4.38190316790589,NA,NA,NA,100.000000000041,100.000000000041,0.446666666666667,88.508,193.659666666667,0.0906666666666667,3.61066666666667,0.312328767123288,"coastal",2024-09-09,"24_25_burn",1.64848486529517,-1.48267677578316,-0.803292121347416,2.3333864654544
"R190",3.155,1.03766666666667,1.356518266,0.04201137069802,251.170016,2025-03-15,"santiago","03.25",30.2474959955051,32.6311030982699,NA,NA,NA,23.7980499870094,23.7980499870094,0.557,24.8875,245.328,0.00275,3.2185,0.312328767123288,"coastal",2024-09-09,"24_25_burn",-0.52194864979834,1.04617070222813,-0.803292121347416,-0.257051414894911
"R191",1.144,0.088665,0.2279637463,0.007060037222911,26.8135831331393,2025-03-16,"rattlesnake","03.25",29.582816675731,5.70886057411786,2.92,6.885,0.907,10.712,7.792,0.407666666666667,10.3393333333333,210.902,0.016,0.0012,7.08219178082192,"montane",2017-12-04,"older_burn",-0.894674038940439,0.939614225866578,-0.373245359231996,-0.801167125766126
"R192",1.29933333333333,0.07956,0.5592759956,0.017320777583732,3.23277504461515,2025-04-19,"stunt","04.25",24.0868496904551,2.06245789335582,NA,NA,NA,1.69451793620722,1.69451793620722,0.281833333333333,35.9788333333333,128.801166666667,0.034,0.0012,40,"coastal",2025-01-07,"24_25_burn",-1.15151582959886,0.0585414156738091,1.71781568763841,-1.00844723487223
"R193",1.564,0.1147,0.4287265285,0.013277660587645,2.32964789569708,2025-04-20,"mission","04.25",29.5379031390704,7.20583457216083,28.249,42.815,9.139,80.203,51.954,0.687,78.017,339.184666666667,0.0126666666666667,0.0012,15.6712328767123,"montane",2009-05-05,"older_burn",1.0846138319286,0.932414019594013,0.172362329651791,0.700092588091876
"R194",0.90805,0.075375,0.4372924072,0.013542945850984,60.5051456266363,2025-03-16,"arroyohondo","03.25",25.4879696439283,11.2736402730906,20.816,55.765,18.812,95.393,74.577,0.64,31.8473333333333,244.993,0.00666666666666667,0.011,3.22739726027397,"montane",2021-10-11,"older_burn",1.51726529411076,0.283158611907176,-0.618116178453524,1.46914739780633
"R195",1.60433333333333,0.1265,2.623197579,0.08124042902163,8.90126328911565,2025-03-16,"sedgwick","03.25",17.3266080582131,23.5363374873592,NA,NA,NA,58.1576370364535,58.1576370364535,0.2284,32.61385,31.0033,0.04755,0.0068,0.493150684931507,"montane",2024-07-05,"24_25_burn",0.45670346191445,-1.02521056254203,-0.791805643686705,0.910981369447454
"R196",0.7735,0.067165,0.3113439692,0.009642322726124,17.5514728711032,2025-04-20,"arroyohondo","04.25",25.4879696439283,11.2736402730906,20.816,55.765,18.812,95.393,74.577,0.511333333333333,41.6953333333333,271.906,0.867666666666667,0.0012,3.22739726027397,"montane",2021-10-11,"older_burn",1.51726529411076,0.283158611907176,-0.618116178453524,1.46914739780633
"R197",1.453,0.1236,2.827707933,0.08757411468501,NA,2025-04-20,"sedgwick","04.25",17.3266080582131,23.5363374873592,NA,NA,NA,58.1576370364535,58.1576370364535,0.1922,29.8432,29.88795,0.0948,0.0012,0.493150684931507,"montane",2024-07-05,"24_25_burn",0.45670346191445,-1.02521056254203,-0.791805643686705,0.910981369447454
"R198",1.058,0.0992766666666667,0.3598640002,0.011144988086194,6.00326856306085,2025-04-20,"rattlesnake","04.25",29.582816675731,5.70886057411786,2.92,6.885,0.907,10.712,7.792,0.3115,12.574,245.098,0.0165,0.0065,7.08219178082192,"montane",2017-12-04,"older_burn",-0.894674038940439,0.939614225866578,-0.373245359231996,-0.801167125766126
"R199",0.730766666666667,0.1389,0.1252616526,0.003879353381022,36.245504,2025-04-18,"coldwater","04.25",34.7287640588841,10.9541139614207,22.794,33.667,34.24,90.701,67.907,0.1442,7.0527,66.2467,0.017,0.0537666666666667,6.41095890410959,"coastal",2018-08-06,"older_burn",1.38362469762895,1.76457448019957,-0.415884556608879,1.24240489766066
"R200",2.229,0.358166666666667,1.496249162,0.04633883654714,NA,2025-04-18,"trabuco","04.25",31.6785825231332,35.4384843126044,NA,NA,NA,64.1097489734157,64.1097489734157,0.227333333333333,11.7973333333333,203.642333333333,0.0095,0.0823333333333333,0.312328767123288,"coastal",2024-09-09,"24_25_burn",0.626235386377822,1.27559191816781,-0.803292121347416,1.11331971153646
"R201",4.453,0.2799,4.351363608,0.13476173093976,5.43439176925355,2025-04-19,"zuma","04.25",18.8910987905283,6.92647273861432,34.924,51.234,2.57,88.728,53.804,0.3165,92.4965,197.1485,0.0895,0.0012,6.15342465753425,"coastal",2018-11-08,"older_burn",1.32742842805124,-0.774402970405015,-0.432244085398377,0.762982187082803
"R202",3.25766666666667,0.263266666666667,3.347549697,0.10367361411609,0.31614882436343,2025-04-18,"ortega","04.25",14.4730195967755,4.38190316790589,NA,NA,NA,100.000000000041,100.000000000041,0.26025,120.45575,241.3185,0.17825,0.04475,0.312328767123288,"coastal",2024-09-09,"24_25_burn",1.64848486529517,-1.48267677578316,-0.803292121347416,2.3333864654544
"R203",1.444,0.259133333333333,0.8206154792,0.025414461390824,51.819744,2025-04-18,"santiago","04.25",30.2474959955051,32.6311030982699,NA,NA,NA,23.7980499870094,23.7980499870094,0.229,16.414,141.9015,0.00275,0.091,0.312328767123288,"coastal",2024-09-09,"24_25_burn",-0.52194864979834,1.04617070222813,-0.803292121347416,-0.257051414894911
"R204",3.51266666666667,1.533,0.6211257054,0.019236263096238,12.1783383345964,2025-04-20,"refugio","04.25",19.1964115614845,20.5083890270747,19.29,16.247,1.053,36.59,17.3,1.50366666666667,153.732333333333,1011.36533333333,0.081,0.936333333333333,3.22739726027397,"montane",2021-10-11,"older_burn",-0.157600007449326,-0.725457483320619,-0.618116178453524,-0.477948581330596
"R205",1.33166666666667,0.636233333333333,0.1337390805,0.004141899323085,23,2025-04-18,"silverado","04.25",31.1603232297385,48.3780520766323,2.599,2.31,0.137,5.046,2.447,0.753,20.249,440.641,0.007,0.314,40,"coastal",2020-12-03,"older_burn",-1.05605673707896,1.19250841834637,1.71781568763841,-0.982867075283154
"R206",0.728033333333333,0.148566666666667,0.2809523014,0.008701092774358,24.918784,2025-05-23,"coldwater","05.25",34.7287640588841,10.9541139614207,22.794,33.667,34.24,90.701,67.907,0.1245,8.10475,59.90475,0.018,0.046,6.41095890410959,"coastal",2018-08-06,"older_burn",1.38362469762895,1.76457448019957,-0.415884556608879,1.24240489766066
"R207",1.46825,0.103575,2.837051516,0.08786348545052,8.18596449468733,2025-05-25,"sedgwick","05.25",17.3266080582131,23.5363374873592,NA,NA,NA,58.1576370364535,58.1576370364535,0.2027,30.9029,30.16285,0.0618,0.0012,0.493150684931507,"montane",2024-07-05,"24_25_burn",0.45670346191445,-1.02521056254203,-0.791805643686705,0.910981369447454
"R208",1.081,0.09929,0.2553593181,0.007908478081557,NA,2025-05-25,"rattlesnake","05.25",29.582816675731,5.70886057411786,2.92,6.885,0.907,10.712,7.792,0.269333333333333,13.7576666666667,260.755,0.0156666666666667,0.0012,7.08219178082192,"montane",2017-12-04,"older_burn",-0.894674038940439,0.939614225866578,-0.373245359231996,-0.801167125766126
"R209",1.585,0.116866666666667,0.2665562483,0.008255247009851,0.394605880993818,2025-05-25,"mission","05.25",29.5379031390704,7.20583457216083,28.249,42.815,9.139,80.203,51.954,0.714,84.931,365.123,0.008,0.0012,15.6712328767123,"montane",2009-05-05,"older_burn",1.0846138319286,0.932414019594013,0.172362329651791,0.700092588091876
"R210",1.04766666666667,0.1964,0.5118223389,0.015851137835733,28.3168,2025-05-23,"santiago","05.25",30.2474959955051,32.6311030982699,NA,NA,NA,23.7980499870094,23.7980499870094,0.154833333333333,18.0401666666667,170.669833333333,0.0065,0.0723333333333333,0.312328767123288,"coastal",2024-09-09,"24_25_burn",-0.52194864979834,1.04617070222813,-0.803292121347416,-0.257051414894911
"R211",0.85445,0.07981,0.2510938208,0.007776375630176,9.24956802730322,2025-05-25,"arroyohondo","05.25",25.4879696439283,11.2736402730906,20.816,55.765,18.812,95.393,74.577,0.595666666666667,49.9766666666667,306.060333333333,0.028,0.0012,3.22739726027397,"montane",2021-10-11,"older_burn",1.51726529411076,0.283158611907176,-0.618116178453524,1.46914739780633
"R212",1.117,0.0833866666666667,0.5952255669,0.018434135806893,NA,2025-05-24,"stunt","05.25",24.0868496904551,2.06245789335582,NA,NA,NA,1.69451793620722,1.69451793620722,0.313,36.0678333333333,123.551666666667,0.0246666666666667,0.0012,40,"coastal",2025-01-07,"24_25_burn",-1.15151582959886,0.0585414156738091,1.71781568763841,-1.00844723487223
"R213",3.91525,0.273825,0.6301318985,0.019515184896545,0.631145965116192,2025-05-24,"santaynez","05.25",23.0759953397363,0.387108115834147,NA,NA,NA,58.0699811968997,58.0699811968997,0.877666666666667,61.044,683.030333333333,0.0346666666666667,0.00833333333333333,0,"coastal",2025-01-07,"24_25_burn",0.454206791265882,-0.103511283308822,-0.82313240094319,0.9080015637184
"R214",3.923,0.8657,0.3961207266,0.012267858902802,9.83747741261187,2025-05-25,"refugio","05.25",19.1964115614845,20.5083890270747,19.29,16.247,1.053,36.59,17.3,2.187,152.782666666667,1126.92066666667,0.0746666666666667,0.316,3.22739726027397,"montane",2021-10-11,"older_burn",-0.157600007449326,-0.725457483320619,-0.618116178453524,-0.477948581330596
"R215",5.82625,0.56915,0.7241104838,0.022425701683286,10.6260057701957,2025-05-24,"topanga","05.25",22.6053601073068,50.5116383921508,NA,NA,NA,18.5553946879625,18.5553946879625,0.526666666666667,142.326,648.322333333333,0.155666666666667,0.0966666666666667,0,"coastal",2025-01-07,"24_25_burn",-0.671273368748286,-0.178960045632785,-0.82313240094319,-0.435272219978539
"R216",4.13933333333333,0.2494,3.600929235,0.11152077840795,2.29512384371759,2025-05-24,"zuma","05.25",18.8910987905283,6.92647273861432,34.924,51.234,2.57,88.728,53.804,0.2606,90.7036,212.659,0.102,0.0012,6.15342465753425,"coastal",2018-11-08,"older_burn",1.32742842805124,-0.774402970405015,-0.432244085398377,0.762982187082803
"R217",2.557,0.161866666666667,1.192702334,0.03693799128398,NA,2025-05-23,"ortega","05.25",14.4730195967755,4.38190316790589,NA,NA,NA,100.000000000041,100.000000000041,0.31575,129.56675,263.75425,0.221,0.0012,0.312328767123288,"coastal",2024-09-09,"24_25_burn",1.64848486529517,-1.48267677578316,-0.803292121347416,2.3333864654544
"R218",2.16966666666667,0.214066666666667,0.796544279,0.02466897632063,24.1960919737218,2025-05-23,"trabuco","05.25",31.6785825231332,35.4384843126044,NA,NA,NA,64.1097489734157,64.1097489734157,0.189833333333333,12.4096666666667,214.594833333333,0.011,0.0145,0.312328767123288,"coastal",2024-09-09,"24_25_burn",0.626235386377822,1.27559191816781,-0.803292121347416,1.11331971153646
"R219",1.15066666666667,1.04633333333333,0.08260668029,0.0025583288885813,14.0941744139484,2025-05-23,"silverado","05.25",31.1603232297385,48.3780520766323,2.599,2.31,0.137,5.046,2.447,0.629666666666667,37.9276666666667,469.141666666667,0.009,0.666333333333333,40,"coastal",2020-12-03,"older_burn",-1.05605673707896,1.19250841834637,1.71781568763841,-0.982867075283154
"R220",1.20933333333333,0.0998466666666667,0.7954779046,0.024635950705462,1.46490729000609,2025-06-28,"stunt","06.25",24.0868496904551,2.06245789335582,NA,NA,NA,1.69451793620722,1.69451793620722,0.313666666666667,34.9378333333333,112.868833333333,0.0675,0.00516666666666667,40,"coastal",2025-01-07,"24_25_burn",-1.15151582959886,0.0585414156738091,1.71781568763841,-1.00844723487223
"R221",0.9816,1.013,0.3332771865,0.010321594465905,0.387818745493976,2025-10-10,"santiago","10.25",30.2474959955051,32.6311030982699,NA,NA,NA,23.7980499870094,23.7980499870094,0.388166666666667,70.8755,186.046166666667,0.0396666666666667,3.05116666666667,0.312328767123288,"coastal",2024-09-09,"24_25_burn",-0.52194864979834,1.04617070222813,-0.803292121347416,-0.257051414894911
"R222",10.3533333333333,0.682333333333333,4.783184626,0.14813522786722,0.255713654379648,2025-06-28,"santaynez","06.25",23.0759953397363,0.387108115834147,NA,NA,NA,58.0699811968997,58.0699811968997,0.7075,243.56625,127.986,0.2985,0.01775,0,"coastal",2025-01-07,"24_25_burn",0.454206791265882,-0.103511283308822,-0.82313240094319,0.9080015637184
"R223",1.41933333333333,0.09898,2.582160022,0.07996949588134,4.01997425820309,2025-06-29,"sedgwick","06.25",17.3266080582131,23.5363374873592,NA,NA,NA,58.1576370364535,58.1576370364535,0.20805,43.01785,48.86905,0.33105,0.0012,0.493150684931507,"montane",2024-07-05,"24_25_burn",0.45670346191445,-1.02521056254203,-0.791805643686705,0.910981369447454
"R224",1.0345,0.11705,0.2346139018,0.007265992538746,16.211368,2025-06-27,"coldwater","06.25",34.7287640588841,10.9541139614207,22.794,33.667,34.24,90.701,67.907,0.153333333333333,7.18713333333333,60.7625666666667,0.576466666666667,0.181833333333333,6.41095890410959,"coastal",2018-08-06,"older_burn",1.38362469762895,1.76457448019957,-0.415884556608879,1.24240489766066
"R225",1.22766666666667,0.1111,0.3310718939,0.010253296554083,1.75084329054884,2025-06-29,"rattlesnake","06.25",29.582816675731,5.70886057411786,2.92,6.885,0.907,10.712,7.792,0.303333333333333,17.283,314.052,0.0206666666666667,0.00566666666666667,7.08219178082192,"montane",2017-12-04,"older_burn",-0.894674038940439,0.939614225866578,-0.373245359231996,-0.801167125766126
"R226",4.02033333333333,0.745766666666667,0.3449347599,0.010682629514103,2.20899441952648,2025-06-29,"refugio","06.25",19.1964115614845,20.5083890270747,19.29,16.247,1.053,36.59,17.3,2.02633333333333,234.245,1405.963,0.179666666666667,0.355666666666667,3.22739726027397,"montane",2021-10-11,"older_burn",-0.157600007449326,-0.725457483320619,-0.618116178453524,-0.477948581330596
"R227",0.7855,0.0786466666666667,0.1967846293,0.006094419969421,7.16631149234397,2025-06-29,"arroyohondo","06.25",25.4879696439283,11.2736402730906,20.816,55.765,18.812,95.393,74.577,0.709,55.236,312.0845,0.0355,0.0012,3.22739726027397,"montane",2021-10-11,"older_burn",1.51726529411076,0.283158611907176,-0.618116178453524,1.46914739780633
"R228",4.0515,0.262175,3.089249039,0.09567404273783,1.07936967518685,2025-06-28,"zuma","06.25",18.8910987905283,6.92647273861432,34.924,51.234,2.57,88.728,53.804,0.236,120.524,242.93,0.1215,0.0012,6.15342465753425,"coastal",2018-11-08,"older_burn",1.32742842805124,-0.774402970405015,-0.432244085398377,0.762982187082803
"R229",2.42966666666667,0.0855966666666667,1.592738064,0.04932709784208,0.600608257854683,2025-07-15,"james","07.25",23.0698825511274,2.79902495642221,NA,NA,NA,0,0,0.0876666666666667,5.46793333333333,1.2261,0.1484,0.0790666666666667,40,"montane",1984-01-01,"older_burn",-1.19978019186311,-0.10449124040321,1.71781568763841,-1.06605131784034
"R230",1.1155,0.0063,0.7040107178,0.021803211930266,0.998577757873137,2025-10-11,"stunt","10.25",24.0868496904551,2.06245789335582,NA,NA,NA,1.69451793620722,1.69451793620722,0.363,37.00875,100.44575,0.07325,0.0012,40,"coastal",2025-01-07,"24_25_burn",-1.15151582959886,0.0585414156738091,1.71781568763841,-1.00844723487223
"R231",0.5316,0.253166666666667,0.0607039866,0.001880002465002,200.766112,2025-07-21,"lytle","07.25",29.8006911316897,119.543805261549,NA,NA,NA,9.92384966251227,9.92384966251227,0.329533333333333,1.89946666666667,24.8580666666667,0.4374,0.330233333333333,0.487671232876712,"montane",2024-07-07,"24_25_burn",-0.917122649600968,0.974542248486641,-0.792153718767332,-0.728696222855672
"R232",4.064,0.270766666666667,0.5758581161,0.017834325855617,2.47512395766576,2025-06-28,"topanga","06.25",22.6053601073068,50.5116383921508,NA,NA,NA,18.5553946879625,18.5553946879625,2.473,184.9475,798.4195,0.163,0.0012,0,"coastal",2025-01-07,"24_25_burn",-0.671273368748286,-0.178960045632785,-0.82313240094319,-0.435272219978539
"R233",2.76633333333333,0.115166666666667,1.973162015,0.06110882760455,1.07006475771291,2025-06-27,"james","06.25",23.0698825511274,2.79902495642221,NA,NA,NA,0,0,0.1902,6.07183333333333,2.00996666666667,0.0226666666666667,0.0172666666666667,40,"montane",1984-01-01,"older_burn",-1.19978019186311,-0.10449124040321,1.71781568763841,-1.06605131784034
"R234",1.193,0.231266666666667,0.3438683856,0.010649603902032,16.706912,2025-06-27,"santiago","06.25",30.2474959955051,32.6311030982699,NA,NA,NA,23.7980499870094,23.7980499870094,0.205166666666667,21.9336666666667,163.829166666667,0.0158333333333333,0.0865,0.312328767123288,"coastal",2024-09-09,"24_25_burn",-0.52194864979834,1.04617070222813,-0.803292121347416,-0.257051414894911
"R235",1.9405,0.12985,0.2292858352,0.007100982316144,0.298986550925824,2025-06-29,"mission","06.25",29.5379031390704,7.20583457216083,28.249,42.815,9.139,80.203,51.954,0.578333333333333,107.629333333333,439.42,0.0446666666666667,0.0012,15.6712328767123,"montane",2009-05-05,"older_burn",1.0846138319286,0.932414019594013,0.172362329651791,0.700092588091876
"R236",0.83735,0.07011,0.2510938208,0.007776375630176,5.7823681615877,2025-07-17,"arroyohondo","07.25",25.4879696439283,11.2736402730906,20.816,55.765,18.812,95.393,74.577,0.659333333333333,59.348,338.451,0.0423333333333333,0.0012,3.22739726027397,"montane",2021-10-11,"older_burn",1.51726529411076,0.283158611907176,-0.618116178453524,1.46914739780633
"R237",16.625,0.64845,4.065591197,0.12591135937109,NA,2025-07-21,"willow","07.25",11.5392255058093,18.2661940993031,1.219,0.476,0.01,1.705,0.486,1.9167,39.828,2.7515,0.013,0.6351,40,"montane",2003-10-25,"older_burn",-1.15121727263858,-1.95300096280605,1.71781568763841,-1.04953005021354
"R238",0.87865,0.0971,0.2437534644,0.007549044792468,2.64371827046036,2025-10-12,"arroyohondo","10.25",25.4879696439283,11.2736402730906,20.816,55.765,18.812,95.393,74.577,0.605666666666667,67.5026666666667,315.348666666667,0.0603333333333333,0.00566666666666667,3.22739726027397,"montane",2021-10-11,"older_burn",1.51726529411076,0.283158611907176,-0.618116178453524,1.46914739780633
"R239",1.62333333333333,0.118866666666667,0.7214195747,0.022342364228459,NA,2025-07-22,"pacoima","07.25",29.9230422770682,65.0796153294076,40.406,9.566,0.753,50.725,10.319,0.797566666666667,11.4473666666667,194.884833333333,0.0103333333333333,0.0012,8.45205479452055,"montane",2016-07-22,"older_burn",0.245002258379829,0.994156679901121,-0.286226589075093,-0.715263332982303
"R240",0.9454,1.68,0.101831796,0.00315373072212,102.436024,2025-07-21,"cajon","07.25",17.0647835935242,152.524925097649,30.09,12.783,2.072,44.945,14.855,0.9715,21.5235,129.6755,0.01625,3.0165,8.38356164383562,"desert",2016-08-16,"older_burn",0.080372538076149,-1.06718432575761,-0.290577527582938,-0.561064835132118
"R241",1.46766666666667,0.487866666666667,0.5228623019,0.016193045489843,12.494788,2025-07-14,"coldwater","07.25",34.7287640588841,10.9541139614207,22.794,33.667,34.24,90.701,67.907,0.1934,21.7384,70.0084333333333,0.00275,0.260666666666667,6.41095890410959,"coastal",2018-08-06,"older_burn",1.38362469762895,1.76457448019957,-0.415884556608879,1.24240489766066
"R242",1.0925,0.20415,0.1365774773,0.004229804471981,185.229045805801,2025-07-15,"bear","07.25",14.723938054294,229.250933456905,NA,NA,NA,7.02211989846269,7.02211989846269,0.4397,5.36926666666667,6.86616666666667,0.0275333333333333,0.2849,0.320547945205479,"montane",2024-09-06,"24_25_burn",-0.999771604523519,-1.44245138303838,-0.802770008726474,-0.827338720823842
"R243",1.533,0.281866666666667,1.299694404,0.04025153569188,1.23153171701528,2025-07-15,"strawberry","07.25",25.1517795853814,16.8258371068259,0.295,0.105,0.005,0.406,0.11,0.07755,10.06745,3.8471,0.216775,0.29455,40,"montane",2018-07-25,"older_burn",-1.18821623573105,0.229263106268887,1.71781568763841,-1.06231193627872
"R244",1.397,0.087,2.511274165,0.07777416089005,6.10253911150468,2025-07-17,"sedgwick","07.25",17.3266080582131,23.5363374873592,NA,NA,NA,58.1576370364535,58.1576370364535,0.17305,37.46485,35.7122,0.1032,0.0012,0.493150684931507,"montane",2024-07-05,"24_25_burn",0.45670346191445,-1.02521056254203,-0.791805643686705,0.910981369447454
"R245",12.55,0.931266666666667,0.1253334014,0.003881575441358,0.545726292365267,2025-07-22,"government","07.25",23.4870495927586,6.41384466375615,NA,NA,NA,99.9999999999946,99.9999999999946,0.35125,26.08505,99.9676,0.00995,1.2983,0.315068493150685,"montane",2024-09-08,"24_25_burn",1.64848486529383,-0.0376141032816549,-0.803118083807102,2.33338646545281
"R246",0.702,0.052725,0.1445695772,0.004477319805884,1.83506479552292,2025-07-15,"barton","07.25",21.6517976843786,15.2967350399924,20.066,28.683,11.698,60.447,40.381,0.1514,1.58176666666667,7.9315,0.01715,0.0156,9.55068493150685,"montane",2015-06-17,"older_burn",0.521910587236642,-0.331828126156992,-0.216437535409256,0.306675653431339
"R247",3.25033333333333,0.4584,0.02895053313,0.0008965980110361,116.476437333333,2025-07-14,"santamargarita","07.25",11.3813252796132,1604.16380962895,NA,NA,NA,1.31776257782407,1.31776257782407,0.482666666666667,171.862333333333,279.651666666667,0.0993333333333333,0.141,40,"coastal",2024-07-29,"24_25_burn",-1.16224682082265,-1.97831436013857,1.71781568763841,-1.02125479887569
"R248",1.309,0.1153,0.4599911166,0.014245924881102,2.29442060651462,2025-07-17,"rattlesnake","07.25",29.582816675731,5.70886057411786,2.92,6.885,0.907,10.712,7.792,0.3425,20.674,369.414,0.0165,0.0145,7.08219178082192,"montane",2017-12-04,"older_burn",-0.894674038940439,0.939614225866578,-0.373245359231996,-0.801167125766126
"R249",3.704,0.22085,4.41714614,0.1367990159558,0.557700729111821,2025-07-16,"zuma","07.25",18.8910987905283,6.92647273861432,34.924,51.234,2.57,88.728,53.804,0.300666666666667,101.283833333333,221.929,0.108833333333333,0.0012,6.15342465753425,"coastal",2018-11-08,"older_burn",1.32742842805124,-0.774402970405015,-0.432244085398377,0.762982187082803
"R250",3.2665,0.17495,3.944769456,0.12216951005232,0.203789802932934,2025-10-11,"zuma","10.25",18.8910987905283,6.92647273861432,34.924,51.234,2.57,88.728,53.804,0.366333333333333,115.635666666667,253.629333333333,0.105333333333333,0.0012,6.15342465753425,"coastal",2018-11-08,"older_burn",1.32742842805124,-0.774402970405015,-0.432244085398377,0.762982187082803
"R251",1.189,0.07222,0.4781065429,0.014806959633613,1.20106405209066,2025-07-16,"stunt","07.25",24.0868496904551,2.06245789335582,NA,NA,NA,1.69451793620722,1.69451793620722,0.373666666666667,37.7908333333333,116.4035,0.0635,0.0012,40,"coastal",2025-01-07,"24_25_burn",-1.15151582959886,0.0585414156738091,1.71781568763841,-1.00844723487223
"R252",1.08933333333333,0.144833333333333,0.03933889079,0.0012183254477663,9.53065912593423,2025-07-22,"pallet","07.25",19.8662659314922,38.7877828348892,50.071,17.998,1.485,69.554,19.483,0.272466666666667,4.78496666666667,36.6648333333333,0.712333333333333,0.361133333333333,4.32328767123288,"montane",2020-09-06,"older_burn",0.781302085991938,-0.618071381150827,-0.548501162328001,-0.403738854521302
"R253",0.528166666666667,0.167133333333333,0.084205592,0.00260784718424,85.516736,2025-07-22,"bigrock","07.25",30.9356496711913,59.4726369406827,22.36,10.884,2.101,35.345,12.985,0.1228,3.04906666666667,46.4433,1.1541,0.415,4.32328767123288,"montane",2020-09-06,"older_burn",-0.193060907410932,1.1564904138468,-0.548501162328001,-0.624634321679703
"R254",5.833,0.499166666666667,2.902909628,0.08990311117916,0.38541689275288,2025-07-16,"santaynez","07.25",23.0759953397363,0.387108115834147,NA,NA,NA,58.0699811968997,58.0699811968997,0.996,114.314333333333,581.951333333333,0.105,0.0012,0,"coastal",2025-01-07,"24_25_burn",0.454206791265882,-0.103511283308822,-0.82313240094319,0.9080015637184
"R255",1.32233333333333,0.266533333333333,0.3465032992,0.010731207176224,4.21050170665724,2025-07-14,"santiago","07.25",30.2474959955051,32.6311030982699,NA,NA,NA,23.7980499870094,23.7980499870094,0.224,28.6965,174.914666666667,0.0148333333333333,0.141166666666667,0.312328767123288,"coastal",2024-09-09,"24_25_burn",-0.52194864979834,1.04617070222813,-0.803292121347416,-0.257051414894911
"R256",1.557,0.325266666666667,0.5875497299,0.018196415135003,149.554776526354,2026-01-17,"arroyohondo","01.26",25.4879696439283,11.2736402730906,20.816,55.765,18.812,95.393,74.577,0.500333333333333,29.506,265.616333333333,0.009,0.201333333333333,3.22739726027397,"montane",2021-10-11,"older_burn",1.51726529411076,0.283158611907176,-0.618116178453524,1.46914739780633
"R257",4.15733333333333,0.2685,0.7157383108,0.022166415485476,0.476633700783229,2025-07-16,"topanga","07.25",22.6053601073068,50.5116383921508,NA,NA,NA,18.5553946879625,18.5553946879625,0.949,154.7585,639.362,0.158,0.0012,0,"coastal",2025-01-07,"24_25_burn",-0.671273368748286,-0.178960045632785,-0.82313240094319,-0.435272219978539
"R258",0.830833333333333,0.0776033333333333,0.1749395565,0.005417878064805,14.451938762101,2025-07-15,"forsee","07.25",28.2041879316069,7.35221658837777,39.679,26.075,6.181,71.936,32.256,0.319466666666667,0.6803,7.25833333333333,0.01715,0.0752666666666667,4.32602739726027,"montane",2020-09-05,"older_burn",0.84914775965342,0.71860265409912,-0.548327124787687,0.0304713335387553
"R259",2.46533333333333,0.173833333333333,0.1445695772,0.004477319805884,13.308896,2025-07-21,"deep","07.25",16.2061012581587,349.285051847973,0.376,0.335,0.021,0.732,0.356,3.66351666666667,13.4036166666667,102.35585,2.66208,0.0012,40,"montane",2016-08-07,"older_burn",-1.17893089164472,-1.20484193183681,1.71781568763841,-1.05394931933182
"R260",1.17566666666667,0.313966666666667,0.4778574824,0.014799246229928,22.936608,2025-07-21,"waterman","07.25",26.7884926871036,0.0918231790665108,NA,NA,NA,0.871002977673382,0.871002977673382,0.214166666666667,12.7842333333333,31.9345,0.0180666666666667,0.5819,40,"montane",2021-06-28,"older_burn",-1.17497171840324,0.491648854923686,1.71781568763841,-1.0364421135237
"R261",3.866,0.602633333333333,0.1702001027,0.005271097180619,5.39121091180592,2025-07-17,"refugio","07.25",19.1964115614845,20.5083890270747,19.29,16.247,1.053,36.59,17.3,2.06566666666667,247.724333333333,1306.13133333333,0.269,0.244,3.22739726027397,"montane",2021-10-11,"older_burn",-0.157600007449326,-0.725457483320619,-0.618116178453524,-0.477948581330596
"R262",2.181,0.19925,2.109616675,0.06533482842475,NA,2025-07-22,"pine","07.25",24.3895461968214,3.40247477641918,16.501,35.07,35.53,87.101,70.6,0.72775,16.4544,21.0966,1.8929,0.5595,4.39178082191781,"montane",2020-08-12,"older_burn",1.28108715557129,0.10706748255416,-0.544150223820156,1.33395175716475
"R263",3.8355,0.4579,0.3585544727,0.011104432019519,2.39922651453309,2025-10-12,"refugio","10.25",19.1964115614845,20.5083890270747,19.29,16.247,1.053,36.59,17.3,2.02333333333333,274.210333333333,1444.09533333333,0.319,0.134,3.22739726027397,"montane",2021-10-11,"older_burn",-0.157600007449326,-0.725457483320619,-0.618116178453524,-0.477948581330596
"R264",2.728,10.3166666666667,2.491050084,0.07714782110148,0.637128,2025-07-14,"diamond","07.25",15.2089878478731,26.5934306170268,NA,NA,NA,0.0046018310315058,0.0046018310315058,0.563,219.515666666667,338.089666666667,0.158333333333333,12.503,40,"coastal",2021-06-04,"older_burn",-1.19964911951785,-1.36469178479896,1.71781568763841,-1.06589488145753
"R265",3.8515,0.2753,0.6156623504,0.019067062991888,NA,2025-07-17,"mission","07.25",29.5379031390704,7.20583457216083,28.249,42.815,9.139,80.203,51.954,0.9145,106.997,467.5215,0.0335,0.0065,15.6712328767123,"montane",2009-05-05,"older_burn",1.0846138319286,0.932414019594013,0.172362329651791,0.700092588091876
"R266",0.7643,0.524133333333333,0.09755877688,0.0030213953199736,9.37265374204033,2025-07-15,"mill","07.25",30.0830872411107,107.807914238451,10.913,11.495,6.75,29.158,18.245,0.709966666666667,3.26626666666667,34.6020666666667,0.528166666666667,0.699233333333333,4.32602739726027,"montane",2020-09-05,"older_burn",-0.369283066497241,1.01981390575488,-0.548327124787687,-0.445823894278474
"R267",1.4235,0.09356,0.4512378555,0.013974836384835,0.357818820042402,2025-10-12,"rattlesnake","10.25",29.582816675731,5.70886057411786,2.92,6.885,0.907,10.712,7.792,0.313333333333333,21.6053333333333,299.374,0.016,0.0012,7.08219178082192,"montane",2017-12-04,"older_burn",-0.894674038940439,0.939614225866578,-0.373245359231996,-0.801167125766126
"R268",1.33233333333333,0.0802,2.41760008,0.0748730744776,7.85335849264852,2025-10-12,"sedgwick","10.25",17.3266080582131,23.5363374873592,NA,NA,NA,58.1576370364535,58.1576370364535,0.1755,27.5539,27.5503,0.025,0.0012,0.493150684931507,"montane",2024-07-05,"24_25_burn",0.45670346191445,-1.02521056254203,-0.791805643686705,0.910981369447454
"R269",4.47066666666667,0.137566666666667,3.120097993,0.09662943484321,13.0868028960279,2025-11-14,"sedgwick","11.25",17.3266080582131,23.5363374873592,NA,NA,NA,58.1576370364535,58.1576370364535,0.2306,32.81445,39.5182,0.42075,0.0012,0.493150684931507,"montane",2024-07-05,"24_25_burn",0.45670346191445,-1.02521056254203,-0.791805643686705,0.910981369447454
"R270",9.18566666666667,0.976933333333333,3.992164368,0.12363733047696,NA,2025-11-14,"mission","11.25",29.5379031390704,7.20583457216083,28.249,42.815,9.139,80.203,51.954,0.509333333333333,58.572,242.661333333333,0.0163333333333333,2.50666666666667,15.6712328767123,"montane",2009-05-05,"older_burn",1.0846138319286,0.932414019594013,0.172362329651791,0.700092588091876
"R271",11.7566666666667,0.9914,1.311718808,0.04062393148376,256.127060152245,2025-11-14,"arroyohondo","11.25",25.4879696439283,11.2736402730906,20.816,55.765,18.812,95.393,74.577,0.2267,13.3088333333333,86.6354333333333,0.549,1.17856666666667,3.22739726027397,"montane",2021-10-11,"older_burn",1.51726529411076,0.283158611907176,-0.618116178453524,1.46914739780633
"R272",6.2735,0.2057,0.887271043,0.02747878420171,24.9284583494585,2025-11-14,"rattlesnake","11.25",29.582816675731,5.70886057411786,2.92,6.885,0.907,10.712,7.792,0.312,18.5786666666667,317.863333333333,0.043,0.0012,7.08219178082192,"montane",2017-12-04,"older_burn",-0.894674038940439,0.939614225866578,-0.373245359231996,-0.801167125766126
"R273",2.55833333333333,0.259266666666667,0.07997771404,0.0024769098038188,41.945761656807,2025-11-16,"coldwater","11.25",34.7287640588841,10.9541139614207,22.794,33.667,34.24,90.701,67.907,0.1344,9.4625,87.9390666666667,0.0139666666666667,0.334333333333333,6.41095890410959,"coastal",2018-08-06,"older_burn",1.38362469762895,1.76457448019957,-0.415884556608879,1.24240489766066
"R274",14.4266666666667,4.64366666666667,5.450347818,0.16879727192346,62.025,2025-11-14,"refugio","11.25",19.1964115614845,20.5083890270747,19.29,16.247,1.053,36.59,17.3,0.7575,64.823,416.758,0.0095,7.2655,3.22739726027397,"montane",2021-10-11,"older_burn",-0.157600007449326,-0.725457483320619,-0.618116178453524,-0.477948581330596
"R275",14.058,0.6764,1.029455778,0.03188224544466,27.5317639597287,2025-11-15,"stunt","11.25",24.0868496904551,2.06245789335582,NA,NA,NA,1.69451793620722,1.69451793620722,0.205666666666667,18.2443333333333,56.7522,0.405233333333333,0.648366666666667,40,"coastal",2025-01-07,"24_25_burn",-1.15151582959886,0.0585414156738091,1.71781568763841,-1.00844723487223
"R276",6.063,1.196,0.8598873162,0.026630710182714,24.0915203104972,2025-11-16,"silverado","11.25",31.1603232297385,48.3780520766323,2.599,2.31,0.137,5.046,2.447,0.705333333333333,54.7373333333333,464.260666666667,0.014,0.671333333333333,40,"coastal",2020-12-03,"older_burn",-1.05605673707896,1.19250841834637,1.71781568763841,-0.982867075283154
"R277",6.72133333333333,3.92866666666667,3.162753414,0.09795047323158,7.38421688603665,2025-11-16,"trabuco","11.25",31.6785825231332,35.4384843126044,NA,NA,NA,64.1097489734157,64.1097489734157,0.46,14.5885,233.676,0.0055,5.1475,0.312328767123288,"coastal",2024-09-09,"24_25_burn",0.626235386377822,1.27559191816781,-0.803292121347416,1.11331971153646
"R278",13.6533333333333,3.439,4.466640095,0.13833184374215,NA,2025-11-15,"santaynez","11.25",23.0759953397363,0.387108115834147,NA,NA,NA,58.0699811968997,58.0699811968997,0.4355,14.48475,109.09225,0.8,3.34025,0,"coastal",2025-01-07,"24_25_burn",0.454206791265882,-0.103511283308822,-0.82313240094319,0.9080015637184
"R279",14.335,2.54416666666667,11.418745952,0.35363856213344,53.8,2025-11-15,"zuma","11.25",18.8910987905283,6.92647273861432,34.924,51.234,2.57,88.728,53.804,0.2871,44.8913,77.1772666666667,0.6504,2.30013333333333,6.15342465753425,"coastal",2018-11-08,"older_burn",1.32742842805124,-0.774402970405015,-0.432244085398377,0.762982187082803
"R280",6.88666666666667,1.81033333333333,6.147579629,0.19039054111013,88.914752,2025-11-16,"santiago","11.25",30.2474959955051,32.6311030982699,NA,NA,NA,23.7980499870094,23.7980499870094,0.220333333333333,19.1195,132.389166666667,0.00766666666666667,2.61816666666667,0.312328767123288,"coastal",2024-09-09,"24_25_burn",-0.52194864979834,1.04617070222813,-0.803292121347416,-0.257051414894911
"R281",1.36366666666667,0.846733333333333,1.150536847,0.03563212615159,4.42289556106411,2026-01-19,"trabuco","01.26",31.6785825231332,35.4384843126044,NA,NA,NA,64.1097489734157,64.1097489734157,0.299,11.15225,176.47175,0.00275,1.92475,0.312328767123288,"coastal",2024-09-09,"24_25_burn",0.626235386377822,1.27559191816781,-0.803292121347416,1.11331971153646
"R282",8.807,1.427,4.890034639,0.15144437276983,0.229578668769754,2025-11-16,"ortega","11.25",14.4730195967755,4.38190316790589,NA,NA,NA,100.000000000041,100.000000000041,0.3555,111.785,155.099,0.03,0.3605,0.312328767123288,"coastal",2024-09-09,"24_25_burn",1.64848486529517,-1.48267677578316,-0.803292121347416,2.3333864654544
"R283",1.26133333333333,0.321033333333333,0.06413527852,0.0019862695757644,23.9319963920881,2026-01-19,"coldwater","01.26",34.7287640588841,10.9541139614207,22.794,33.667,34.24,90.701,67.907,0.13125,5.675,45.66675,0.0155,0.90575,6.41095890410959,"coastal",2018-08-06,"older_burn",1.38362469762895,1.76457448019957,-0.415884556608879,1.24240489766066
"R284",1.44166666666667,0.331933333333333,0.5506152424,0.017052554057128,209.54432,2026-01-19,"santiago","01.26",30.2474959955051,32.6311030982699,NA,NA,NA,23.7980499870094,23.7980499870094,0.2545,13.0828333333333,116.9255,0.00275,0.8265,0.312328767123288,"coastal",2024-09-09,"24_25_burn",-0.52194864979834,1.04617070222813,-0.803292121347416,-0.257051414894911
"R285",2.16566666666667,0.791,0.573831206,0.01777155244982,61,2026-01-19,"silverado","01.26",31.1603232297385,48.3780520766323,2.599,2.31,0.137,5.046,2.447,0.689,32.244,462.168333333333,0.011,0.582,40,"coastal",2020-12-03,"older_burn",-1.05605673707896,1.19250841834637,1.71781568763841,-0.982867075283154
"R286",2.5445,1.18,0.7007580681,0.021702477369057,1104.3552,2026-01-23,"cajon","01.26",17.0647835935242,152.524925097649,30.09,12.783,2.072,44.945,14.855,0.91805,22.352325,85.00905,0.01295,2.182125,8.38356164383562,"desert",2016-08-16,"older_burn",0.080372538076149,-1.06718432575761,-0.290577527582938,-0.561064835132118
"R287",0.621766666666667,0.2794,0.0552020599,0.001709607795103,2027.48288,2026-01-23,"lytle","01.26",29.8006911316897,119.543805261549,NA,NA,NA,9.92384966251227,9.92384966251227,0.3016,1.50753333333333,16.2881,0.00275,0.464033333333333,0.487671232876712,"montane",2024-07-07,"24_25_burn",-0.917122649600968,0.974542248486641,-0.792153718767332,-0.728696222855672
"R288",2.05433333333333,0.555633333333333,0.4662025299,0.014438292351003,10.3919676924876,2026-01-24,"pine","01.26",24.3895461968214,3.40247477641918,16.501,35.07,35.53,87.101,70.6,0.469533333333333,6.93743333333333,19.1550666666667,0.0161,0.7582,4.39178082191781,"montane",2020-08-12,"older_burn",1.28108715557129,0.10706748255416,-0.544150223820156,1.33395175716475
"R289",5.55466666666667,1.06333333333333,1.688638375,0.05229713047375,187,2026-01-18,"topanga","01.26",22.6053601073068,50.5116383921508,NA,NA,NA,18.5553946879625,18.5553946879625,0.861,77.246,459.385,0.015,0.572,0,"coastal",2025-01-07,"24_25_burn",-0.671273368748286,-0.178960045632785,-0.82313240094319,-0.435272219978539
"R290",0.8683,0.592833333333333,0.1756494984,0.005439864965448,175.185624643677,2026-01-23,"mill","01.26",30.0830872411107,107.807914238451,10.913,11.495,6.75,29.158,18.245,0.7713,3.8077,42.9344,0.4879,1.04635,4.32602739726027,"montane",2020-09-05,"older_burn",-0.369283066497241,1.01981390575488,-0.548327124787687,-0.445823894278474
"R291",7.73766666666667,0.6192,2.242802248,0.06945958562056,NA,2026-01-24,"crowder","01.26",15.249258823741,63.4891935874839,18.444,1.707,0.014,20.166,1.721,0.615,53.73355,39.3895,0.1146,0.3198,8.38356164383562,"desert",2016-08-16,"older_burn",-0.625399060436807,-1.35823583956272,-0.290577527582938,-1.00754699358986
"R292",1.768,0.2632,0.8433931927,0.026119887177919,583,2026-01-24,"pacoima","01.26",29.9230422770682,65.0796153294076,40.406,9.566,0.753,50.725,10.319,0.2366,4.19203333333333,65.4409333333333,0.0117,0.771866666666667,8.45205479452055,"montane",2016-07-22,"older_burn",0.245002258379829,0.994156679901121,-0.286226589075093,-0.715263332982303
"R293",1.27,0.03818,0.2480236172,0.007681291424684,41.0025429566839,2026-01-23,"barton","01.26",21.6517976843786,15.2967350399924,20.066,28.683,11.698,60.447,40.381,0.0849666666666667,0.7567,8.34656666666667,0.00275,0.0190333333333333,9.55068493150685,"montane",2015-06-17,"older_burn",0.521910587236642,-0.331828126156992,-0.216437535409256,0.306675653431339
"R294",1.7675,0.17785,0.285214568,0.00883309517096,NA,2026-01-17,"mission","01.26",29.5379031390704,7.20583457216083,28.249,42.815,9.139,80.203,51.954,0.456,22.6176666666667,195.866666666667,0.006,0.055,15.6712328767123,"montane",2009-05-05,"older_burn",1.0846138319286,0.932414019594013,0.172362329651791,0.700092588091876
"R295",2.97966666666667,0.532766666666667,0.9205218156,0.028508560629132,57.6515635032305,2026-01-24,"pallet","01.26",19.8662659314922,38.7877828348892,50.071,17.998,1.485,69.554,19.483,0.29225,1.91195,37.48865,0.00845,0.668,4.32328767123288,"montane",2020-09-06,"older_burn",0.781302085991938,-0.618071381150827,-0.548501162328001,-0.403738854521302
"R296",2.65033333333333,0.167833333333333,0.03512748681,0.0010878982665057,48.1929498317678,2026-01-26,"willow","01.26",11.5392255058093,18.2661940993031,1.219,0.476,0.01,1.705,0.486,0.126033333333333,22.4708666666667,4.9343,0.0246333333333333,0.0166666666666667,40,"montane",2003-10-25,"older_burn",-1.15121727263858,-1.95300096280605,1.71781568763841,-1.04953005021354
"R297",7.073,0.16945,1.218999021,0.03775239968037,1.70972269098998,2026-01-23,"james","01.26",23.0698825511274,2.79902495642221,NA,NA,NA,0,0,0.113466666666667,6.37503333333333,2.26163333333333,0.01665,0.01915,40,"montane",1984-01-01,"older_burn",-1.19978019186311,-0.10449124040321,1.71781568763841,-1.06605131784034
"R298",4.859,0.7178,0.2221379835,0.006879613348995,21.9788141242644,2026-01-24,"government","01.26",23.4870495927586,6.41384466375615,NA,NA,NA,99.9999999999946,99.9999999999946,0.28434,29.32982,76.11374,0.00275,1.33046,0.315068493150685,"montane",2024-09-08,"24_25_burn",1.64848486529383,-0.0376141032816549,-0.803118083807102,2.33338646545281
"R299",3.498,3.06966666666667,1.133124874,0.03509287734778,98.1128562064961,2026-01-17,"refugio","01.26",19.1964115614845,20.5083890270747,19.29,16.247,1.053,36.59,17.3,0.889666666666667,77.2643333333333,575.218333333333,0.032,2.897,3.22739726027397,"montane",2021-10-11,"older_burn",-0.157600007449326,-0.725457483320619,-0.618116178453524,-0.477948581330596
"R300",0.906333333333333,0.444233333333333,0.108558162,0.00336204627714,1640.95856,2026-01-24,"bigrock","01.26",30.9356496711913,59.4726369406827,22.36,10.884,2.101,35.345,12.985,0.124,2.13275,37.1245,0.0155,0.82575,4.32328767123288,"montane",2020-09-06,"older_burn",-0.193060907410932,1.1564904138468,-0.548501162328001,-0.624634321679703
"R301",5.10533333333333,0.527433333333333,4.944417163,0.15312859953811,7.22453376358241,2026-01-18,"zuma","01.26",18.8910987905283,6.92647273861432,34.924,51.234,2.57,88.728,53.804,0.317166666666667,54.664,129.439833333333,0.0345,0.631166666666667,6.15342465753425,"coastal",2018-11-08,"older_burn",1.32742842805124,-0.774402970405015,-0.432244085398377,0.762982187082803
"R302",1.09533333333333,0.0645633333333333,0.1781045542,0.005515898043574,42,2026-01-17,"rattlesnake","01.26",29.582816675731,5.70886057411786,2.92,6.885,0.907,10.712,7.792,0.19,4.09,119.689,0.00275,1.007,7.08219178082192,"montane",2017-12-04,"older_burn",-0.894674038940439,0.939614225866578,-0.373245359231996,-0.801167125766126
"R303",5.51,5.44433333333333,3.75969457,0.1164377408329,9.71921521642304,2026-01-19,"diamond","01.26",15.2089878478731,26.5934306170268,NA,NA,NA,0.0046018310315058,0.0046018310315058,0.543,206.704666666667,344.534333333333,0.167333333333333,7.74133333333333,40,"coastal",2021-06-04,"older_burn",-1.19964911951785,-1.36469178479896,1.71781568763841,-1.06589488145753
"R304",1.43366666666667,0.974333333333333,0.2279490441,0.007059581895777,97.14722,2026-01-26,"waterman","01.26",26.7884926871036,0.0918231790665108,NA,NA,NA,0.871002977673382,0.871002977673382,0.1964,14.7603,36.55065,0.45465,1.6255,40,"montane",2021-06-28,"older_burn",-1.17497171840324,0.491648854923686,1.71781568763841,-1.0364421135237
"R305",2.864,0.28845,2.640051964,0.08176240932508,0.427297644307778,2026-01-19,"ortega","01.26",14.4730195967755,4.38190316790589,NA,NA,NA,100.000000000041,100.000000000041,0.387,105.9575,190.3095,0.156,0.0595,0.312328767123288,"coastal",2024-09-09,"24_25_burn",1.64848486529517,-1.48267677578316,-0.803292121347416,2.3333864654544
"R306",3.727,1.14666666666667,1.097773293,0.03399803888421,566.336,2026-01-19,"santamargarita","01.26",11.3813252796132,1604.16380962895,NA,NA,NA,1.31776257782407,1.31776257782407,0.393,131.027,177.4765,0.081,0.5865,40,"coastal",2024-07-29,"24_25_burn",-1.16224682082265,-1.97831436013857,1.71781568763841,-1.02125479887569
"R307",2.158,0.135,0.4978992243,0.015419938976571,5.91191844481476,2026-01-18,"stunt","01.26",24.0868496904551,2.06245789335582,NA,NA,NA,1.69451793620722,1.69451793620722,0.304333333333333,29.157,192.3515,0.013,0.0178333333333333,40,"coastal",2025-01-07,"24_25_burn",-1.15151582959886,0.0585414156738091,1.71781568763841,-1.00844723487223
"R308",1.9905,0.10305,2.999824965,0.09290457916605,7.99522972048822,2026-01-17,"sedgwick","01.26",17.3266080582131,23.5363374873592,NA,NA,NA,58.1576370364535,58.1576370364535,0.13125,25.69395,31.8619,0.1245,0.0012,0.493150684931507,"montane",2024-07-05,"24_25_burn",0.45670346191445,-1.02521056254203,-0.791805643686705,0.910981369447454
"R309",4.69333333333333,0.2549,1.01651742,0.0314815444974,3.36180034972179,2026-01-23,"strawberry","01.26",25.1517795853814,16.8258371068259,0.295,0.105,0.005,0.406,0.11,0.1437,11.4157,5.90615,0.0228,0.30255,40,"montane",2018-07-25,"older_burn",-1.18821623573105,0.229263106268887,1.71781568763841,-1.06231193627872
"R310",4.74866666666667,0.489233333333333,1.125493772,0.03485654211884,93.5672196218381,2026-01-18,"santaynez","01.26",23.0759953397363,0.387108115834147,NA,NA,NA,58.0699811968997,58.0699811968997,0.63,33.2673333333333,358.463,0.00766666666666667,0.209333333333333,0,"coastal",2025-01-07,"24_25_burn",0.454206791265882,-0.103511283308822,-0.82313240094319,0.9080015637184
"R311",3.556,0.11825,0.2274207659,0.007043221119923,869.32576,2026-01-26,"deep","01.26",16.2061012581587,349.285051847973,0.376,0.335,0.021,0.732,0.356,0.761966666666667,7.6198,16.4260333333333,0.206933333333333,0.121233333333333,40,"montane",2016-08-07,"older_burn",-1.17893089164472,-1.20484193183681,1.71781568763841,-1.05394931933182
"R312",2.872,0.33845,0.6109507675,0.018921145269475,1522.028,2026-01-26,"wfmojave","01.26",17.9076920863017,133.947130888879,3.85,6.078,3.333,13.261,9.411,0.125,71.9635,32.0905,0.155,0.8065,8.40821917808219,"montane",2016-08-07,"older_burn",-0.822071762633505,-0.93205546554857,-0.289011189720113,-0.746130228054607
NA,NA,0.04,0.226025185663545,0.007,209.261152,2025-12-17,"deep","12.25",16.2061012581587,349.285051847973,0.376,0.335,0.021,0.732,0.356,NA,NA,NA,NA,0.177,40,"montane",2016-08-07,"older_burn",-1.17893089164472,-1.20484193183681,1.71781568763841,-1.05394931933182
NA,NA,0.04,0.355182434614143,0.011,869.32576,2026-01-26,"deep","01.26",16.2061012581587,349.285051847973,0.376,0.335,0.021,0.732,0.356,NA,NA,NA,NA,0.177,40,"montane",2016-08-07,"older_burn",-1.17893089164472,-1.20484193183681,1.71781568763841,-1.05394931933182
NA,NA,0.704,0.548918308040039,0.017,136.770144,2025-03-26,"waterman","03.25",26.7884926871036,0.0918231790665108,NA,NA,NA,0.871002977673382,0.871002977673382,1.25,16.8,67.8,0.02,3.11,40,"montane",2021-06-28,"older_burn",-1.17497171840324,0.491648854923686,1.71781568763841,-1.0364421135237
NA,NA,0.76,1.13012592831773,0.035,2020.40368,2025-02-14,"wfmojave","02.25.1",17.9076920863017,133.947130888879,3.85,6.078,3.333,13.261,9.411,0.13,15.8,8.93,NA,3.34,8.40821917808219,"montane",2016-08-07,"older_burn",-0.822071762633505,-0.93205546554857,-0.289011189720113,-0.746130228054607
NA,NA,0.04,0.129157248950597,0.004,35.537584,2025-04-22,"wfmojave","04.25",17.9076920863017,133.947130888879,3.85,6.078,3.333,13.261,9.411,0.13,57.5,27.3,NA,0.16,8.40821917808219,"montane",2016-08-07,"older_burn",-0.822071762633505,-0.93205546554857,-0.289011189720113,-0.746130228054607
NA,NA,0.212,0.774943493703584,0.024,1522.028,2026-01-26,"wfmojave","01.26",17.9076920863017,133.947130888879,3.85,6.078,3.333,13.261,9.411,NA,NA,NA,NA,0.902,8.40821917808219,"montane",2016-08-07,"older_burn",-0.822071762633505,-0.93205546554857,-0.289011189720113,-0.746130228054607
NA,NA,0.04,0.258314497901195,0.008,441.74208,2025-04-22,"deep","04.25",16.2061012581587,349.285051847973,0.376,0.335,0.021,0.732,0.356,0.86,7.25,11.6,NA,0.177,40,"montane",2016-08-07,"older_burn",-1.17893089164472,-1.20484193183681,1.71781568763841,-1.05394931933182
NA,NA,0.04,0.290603810138844,0.009,117.797888,2025-06-11,"deep","06.25",16.2061012581587,349.285051847973,0.376,0.335,0.021,0.732,0.356,1.75,7.91,27.3,NA,0.177,40,"montane",2016-08-07,"older_burn",-1.17893089164472,-1.20484193183681,1.71781568763841,-1.05394931933182
NA,NA,0.04,0.193735873425896,0.006,5.946528,2025-08-19,"deep","08.25",16.2061012581587,349.285051847973,0.376,0.335,0.021,0.732,0.356,4.6,15,134,NA,0.177,40,"montane",2016-08-07,"older_burn",-1.17893089164472,-1.20484193183681,1.71781568763841,-1.05394931933182
NA,NA,0.04,0.161446561188247,0.005,246.639328,2025-02-05,"deep","02.25",16.2061012581587,349.285051847973,0.376,0.335,0.021,0.732,0.356,1.76,7.25,25,NA,0.177,40,"montane",2016-08-07,"older_burn",-1.17893089164472,-1.20484193183681,1.71781568763841,-1.05394931933182
