date,day,month,year,flow,stage_height,streamflow_mm,nitrate,stream_nitrate,streamflow_mm_correct,ID,stream_nitrate_correct,nitrate_con
1996-12-11,11,12,1996,0.00419980803596155,1.81675,0.0028761932317204,6.655,1.89032302106804e-05,1.408245595828,obs_smoothed,0.00937187444023534,6.655
1996-12-12,12,12,1996,0.00370498156807153,1.767,0.00253731666268799,4.8325,1.22235549915876e-05,0.662133689179645,obs_smoothed,0.00319976105296063,4.8325
1996-12-13,13,12,1996,0.00419419856821788,1.8675,0.00287235164824332,2.5375,7.24299902861506e-06,0.356367523233111,obs_smoothed,0.000904282590204019,2.5375
1996-12-14,14,12,1996,0.00513609606009037,2.0275,0.00351739998566758,1.6625,5.82678255423794e-06,0.224757232056271,obs_smoothed,0.000373658898293551,1.6625
1996-12-15,15,12,1996,0.00548847079793888,2.065,0.00375872002395288,0.945,3.55015554517496e-06,0.150741040895797,obs_smoothed,0.000142450283646528,0.945
1996-12-16,16,12,1996,0.00567989291860784,2.0925,0.00388981339849651,0.68,2.64215317937552e-06,0.126791838510873,obs_smoothed,8.62184501873936e-05,0.68
1996-12-17,17,12,1996,0.00550963189284402,2.05333333333333,0.0037732119715421,1.09,4.16485976623343e-06,0.104069427985067,obs_smoothed,0.000113435676503723,1.09
1996-12-18,18,12,1996,0.00429619844627491,1.8525,0.00294220516449736,0.26,7.57711702004334e-07,0.0907080015237824,obs_smoothed,2.35840803961834e-05,0.26
1996-12-19,19,12,1996,0.0138431353869594,3.347775,0.00948032194920213,0.1575,1.3942408808185e-06,0.0850516820041146,obs_smoothed,1.3395639915648e-05,0.1575
1996-12-20,20,12,1996,0.0141027490973168,2.8675,0.00965811559838757,0.235,2.4874676445762e-06,0.0764051465102372,obs_smoothed,1.79552094299057e-05,0.235
1996-12-21,21,12,1996,0.0105756320192778,2.75,0.00724260751314276,0.1625,1.18564233696583e-06,0.0712334576080117,obs_smoothed,1.15754368613019e-05,0.1625
1996-12-22,22,12,1996,0.0123811263146725,2.775,0.00847908080617391,3.08,2.17167137047171e-05,2.87599573839477,obs_smoothed,0.00885806687425589,3.08
1996-12-23,23,12,1996,0.00951123976568525,2.55,0.00651366995945819,5.6425,3.69430087160109e-05,1.25345036497712,obs_smoothed,0.0070725936843834,5.6425
1996-12-24,24,12,1996,0.00798006683718724,2.4,0.00546506269554757,3.09333333333333,1.69052606048938e-05,0.62729308455857,obs_smoothed,0.00194042660823451,3.09333333333333
1996-12-25,NA,NA,NA,NA,NA,NA,NA,NA,0.421567527674818,obs_smoothed,NA,NA
1996-12-26,NA,NA,NA,NA,NA,NA,NA,NA,0.31183601371419,obs_smoothed,NA,NA
1996-12-27,NA,NA,NA,NA,NA,NA,NA,NA,0.439299664373518,obs_smoothed,NA,NA
1996-12-28,NA,NA,NA,NA,NA,NA,NA,NA,0.858103454974908,obs_smoothed,NA,NA
1996-12-29,NA,NA,NA,NA,NA,NA,NA,NA,0.680801057152509,obs_smoothed,NA,NA
1996-12-30,NA,NA,NA,NA,NA,NA,NA,NA,0.519836605704805,obs_smoothed,NA,NA
1996-12-31,31,12,1996,0.00771080001962142,2.36666666666667,0.00528065822001483,0.5,2.62759440368905e-06,0.420615586850858,obs_smoothed,0.000210307793425429,0.5
1997-01-01,1,1,1997,0.00872177171514812,2.5,0.00597301128073491,0.31,1.84420650621073e-06,0.356881720646083,obs_smoothed,0.000110633333400286,0.31
1997-01-02,2,1,1997,0.00973430460175255,2.625,0.00666643350632462,0.2525,1.68240142371618e-06,0.357298142716166,obs_smoothed,9.02177810358319e-05,0.2525
1997-01-03,3,1,1997,0.0116977574280718,2.825,0.00801108299542174,0.3875,3.12104744211829e-06,0.636626366101342,obs_smoothed,0.00024669271686427,0.3875
1997-01-04,4,1,1997,0.010025134404996,2.5825,0.00686560516000709,0.5725,3.89951421717493e-06,0.583855801145017,obs_smoothed,0.000334257446155522,0.5725
1997-01-05,5,1,1997,0.010222509146299,2.6825,0.0070007751225833,0.59,4.10266528133055e-06,0.566409902613886,obs_smoothed,0.000334181842542193,0.59
1997-01-06,6,1,1997,0.0121831023651986,2.8525,0.00834346624038458,0.645,5.36739554328672e-06,0.475039514026308,obs_smoothed,0.000306400486546969,0.645
1997-01-07,7,1,1997,0.0118278927516703,2.8,0.00810020476806871,0.58,4.6963107124132e-06,0.397645101972642,obs_smoothed,0.000230634159144132,0.58
1997-01-08,NA,NA,NA,NA,NA,NA,NA,NA,0.35179196649584,obs_smoothed,NA,NA
1997-01-09,NA,NA,NA,NA,NA,NA,NA,NA,0.306657642379219,obs_smoothed,NA,NA
1997-01-10,NA,NA,NA,NA,NA,NA,NA,NA,0.285464949519518,obs_smoothed,NA,NA
1997-01-11,NA,NA,NA,NA,NA,NA,NA,NA,0.267345772248112,obs_smoothed,NA,NA
1997-01-12,NA,NA,NA,NA,NA,NA,NA,NA,0.542658917131934,obs_smoothed,NA,NA
1997-01-13,NA,NA,NA,NA,NA,NA,NA,NA,1.3617005344544,obs_smoothed,NA,NA
1997-01-14,14,1,1997,0.011695887090246,2.8,0.00800980211473635,1.945,1.55790651131622e-05,1.24646504834554,obs_smoothed,0.00242437451903208,1.945
1997-01-15,15,1,1997,0.0107778758218628,2.685,0.00738111199981729,2.1675,1.59667060801822e-05,1.77753304321485,obs_smoothed,0.00385280287116819,2.1675
1997-01-16,16,1,1997,0.0100366655786989,2.635,0.00687350215993518,3.1875,2.19182596454155e-05,2.11303373492518,obs_smoothed,0.00673529503007401,3.1875
1997-01-17,17,1,1997,0.00958464666101361,2.5375,0.00656394187991198,2.7875,1.8466314038924e-05,1.36459343822726,obs_smoothed,0.00380380420905849,2.7875
1997-01-18,18,1,1997,0.0180592400937452,3.325,0.0123676757801507,2.1725,2.6758257859389e-05,0.965536002742043,obs_smoothed,0.00209762696595709,2.1725
1997-01-19,19,1,1997,0.017512251295054,3.34,0.011993076401524,1.525,1.77830672988717e-05,0.731852951895388,obs_smoothed,0.00111607575164047,1.525
1997-01-20,20,1,1997,0.0170833565541241,3.155,0.0116993524645201,1.1125,1.30488227227422e-05,0.864111222941403,obs_smoothed,0.000961323735522311,1.1125
1997-01-21,21,1,1997,0.0130368883966709,2.885,0.00892817239457812,1.14,1.01729926895038e-05,0.748773148831538,obs_smoothed,0.000853601389667953,1.14
1997-01-22,22,1,1997,0.0116442750406563,2.795,0.00797445615929411,0.835,6.65672686546126e-06,0.697471733193197,obs_smoothed,0.000582388897216319,0.835
1997-01-23,23,1,1997,0.0102173927676185,2.6225,0.00699727122583237,1.19,8.21197611040221e-06,1.40085719250116,obs_smoothed,0.00166702005907638,1.19
1997-01-24,24,1,1997,0.00927888506983855,2.54,0.00635454435232798,1.9325,1.22867963159273e-05,1.49194049472097,obs_smoothed,0.00288317500604827,1.9325
1997-01-25,25,1,1997,0.0100986185870114,2.765,0.00691593000941482,1.565,1.08159712931131e-05,1.76324188408728,obs_smoothed,0.00275947354859659,1.565
1997-01-26,26,1,1997,0.048963419368287,4.6825,0.03353206960487,3.065,8.9024026948141e-05,11.7599269904623,obs_smoothed,0.036044176225767,3.065
1997-01-27,27,1,1997,0.0152784238753217,3.02333333333333,0.0104632637885543,2.98333333333333,3.13773526380549e-05,4.23028389897073,obs_smoothed,0.0126203469652627,2.98333333333333
1997-01-28,28,1,1997,0.0106433042424295,2.6575,0.00728895210521407,2.11,1.54753589789724e-05,2.72275674803227,obs_smoothed,0.00574501673834809,2.11
1997-01-29,29,1,1997,0.0090877241781717,2.515,0.00622362987764868,1.6475,1.02657566093294e-05,1.96572122258477,obs_smoothed,0.00323852571420841,1.6475
1997-01-30,30,1,1997,0.0795394239124189,8.515,0.0544717165053622,1.5025,9.98614186947722e-05,1.52401962485652,obs_smoothed,0.00228983948634692,1.5025
1997-01-31,31,1,1997,0.296144344989462,9.305,0.202811260271316,1.33,0.00029205386336866,1.25247453699093,obs_smoothed,0.00166579113419794,1.33
1997-02-01,1,2,1997,0.111054724478538,6.025,0.0760546301546889,1.3625,9.43309314719785e-05,1.07693943838007,obs_smoothed,0.00146732998479285,1.3625
1997-02-02,2,2,1997,0.0406160861943969,4.55,0.0278154885201916,0.985,2.76441652239097e-05,0.939958023361512,obs_smoothed,0.000925858653011089,0.985
1997-02-03,3,2,1997,0.0268639558813996,3.785,0.0183974904142558,0.93,1.71218382626537e-05,0.823088439392716,obs_smoothed,0.000765472248635226,0.93
1997-02-04,4,2,1997,0.017749598710882,3.24666666666667,0.0121556212190788,1.00333333333333,1.18224050840967e-05,0.739114876711264,obs_smoothed,0.000741578592966968,1.00333333333333
1997-02-05,5,2,1997,0.0149354358632336,3.08,0.010228372148155,0.98,1.00238047051919e-05,0.683520406388784,obs_smoothed,0.000669849998261008,0.98
1997-02-06,6,2,1997,0.0143483661886556,3,0.00982632381401417,1.03,1.01211135284346e-05,0.63074995993631,obs_smoothed,0.000649672458734399,1.03
1997-02-07,7,2,1997,0.0138785249609443,3,0.00950455811721202,1.23,1.16906064841708e-05,0.56971768489948,obs_smoothed,0.00070075275242636,1.23
1997-02-08,8,2,1997,0.0138785249609443,3,0.00950455811721202,1.16,1.10252874159659e-05,0.549117311962542,obs_smoothed,0.000636976081876549,1.16
1997-02-09,9,2,1997,0.0138785249609443,3,0.00950455811721202,0.73,6.93832742556478e-06,0.515784572882839,obs_smoothed,0.000376522738204472,0.73
1997-02-10,10,2,1997,0.0143445945983292,3.08,0.00982374088106182,0.7,6.88300227202027e-06,0.499540289274141,obs_smoothed,0.000349678202491899,0.7
1997-02-11,11,2,1997,0.0157871969835061,3.16,0.0108116915637553,0.75,8.10876867281647e-06,0.462152356056451,obs_smoothed,0.000346614267042338,0.75
1997-02-12,12,2,1997,0.0253541140785182,4.45,0.0173634915416331,0.78,1.35435234024738e-05,0.443726329428493,obs_smoothed,0.000346106536954225,0.78
1997-02-13,13,2,1997,0.0274168030109667,3.4,0.0187761018075913,0.86,1.61474475545285e-05,0.420425192814378,obs_smoothed,0.000361565665820365,0.86
1997-02-14,14,2,1997,0.0169681993904694,3.1,0.011620488323147,1.14,1.32473566883876e-05,0.386303936704243,obs_smoothed,0.000440386487842837,1.14
1997-02-15,15,2,1997,0.0138999179159105,2.9,0.00951920885166307,0.52,4.9499886028648e-06,0.364746071218815,obs_smoothed,0.000189667957033784,0.52
1997-02-16,16,2,1997,0.0127593519035943,2.9,0.00873810452097361,0.82,7.16524570719836e-06,0.348925270511303,obs_smoothed,0.000286118721819268,0.82
1997-02-17,17,2,1997,0.0122285469371644,2.8,0.00837458846530228,0.65,5.44348250244648e-06,0.344019713856032,obs_smoothed,0.000223612814006421,0.65
1997-02-18,18,2,1997,0.0111922870376458,2.7,0.00766491705085248,0.85,6.51517949322461e-06,0.359426333756891,obs_smoothed,0.000305512383693357,0.85
1997-02-19,19,2,1997,0.010687203080655,2.7,0.00731901575105294,0.74,5.41607165577917e-06,0.348925270511303,obs_smoothed,0.000258204700178364,0.74
1997-02-20,20,2,1997,0.0111817760482116,2.8,0.00765771871311642,1.04,7.96402746164107e-06,0.338654190577397,obs_smoothed,0.000352200358200493,1.04
1997-02-21,21,2,1997,0.011695887090246,2.8,0.00800980211473635,1.19,9.53166451653626e-06,0.318658800896595,obs_smoothed,0.000379203973066948,1.19
1997-02-22,22,2,1997,0.011695887090246,2.8,0.00800980211473635,0.52,4.1650970996629e-06,0.308932352579831,obs_smoothed,0.000160644823341512,0.52
1997-02-23,23,2,1997,0.0111922870376458,2.7,0.00766491705085248,0.71,5.44209110610526e-06,0.299385298064173,obs_smoothed,0.000212563561625563,0.71
1997-02-24,24,2,1997,0.010687203080655,2.7,0.00731901575105294,0.65,4.75736023818441e-06,0.278681161431328,obs_smoothed,0.000181142754930363,0.65
1997-02-25,25,2,1997,0.0102103133070878,2.6,0.00699242293365131,0.52,3.63605992549868e-06,0.250227951370124,obs_smoothed,0.000130118534712464,0.52
1997-02-26,26,2,1997,0.00905592843513307,2.5,0.00620185490599708,0.64,3.98619024871817e-06,0.237486728641666,obs_smoothed,0.000151991506330666,0.64
1997-02-27,27,2,1997,0.00958662520020124,2.6075,0.00656529686113289,0.795,5.27538077987521e-06,0.274565943455247,obs_smoothed,0.000218279925046921,0.795
1997-02-28,28,2,1997,0.0136780278374858,2.995,0.00936724982489656,0.4425,3.73877279493879e-06,0.287740750067031,obs_smoothed,0.000127325281904661,0.4425
1997-03-01,1,3,1997,0.00984887953903175,2.5,0.00674489891624467,0.363333333333333,2.52080663994288e-06,0.250098804899121,obs_smoothed,9.08692324466806e-05,0.363333333333333
1997-03-02,2,3,1997,0.00798006683718724,2.4,0.00546506269554757,0.57,3.11508573646212e-06,0.24160503384919,obs_smoothed,0.000137714869294038,0.57
1997-03-03,3,3,1997,0.00974820074807813,2.8,0.00667595013224333,0.37,2.47010154893003e-06,0.24160503384919,obs_smoothed,8.93938625242003e-05,0.37
1997-03-04,4,3,1997,0.0111922870376458,2.7,0.00766491705085248,0.6,4.59895023051149e-06,0.233453381966873,obs_smoothed,0.000140072029180124,0.6
1997-03-05,5,3,1997,0.00957180161363145,2.46,0.00655514508776688,0.45,2.9498152894951e-06,0.22332724776551,obs_smoothed,0.00010049726149448,0.45
1997-03-06,6,3,1997,0.00823313436515439,2.4,0.00563837326233415,0.53,2.9883378290371e-06,0.213538637412069,obs_smoothed,0.000113175477828397,0.53
1997-03-07,7,3,1997,0.0075803400919374,2.3,0.0051913141457613,0.56,2.90713592162633e-06,0.209673474015762,obs_smoothed,0.000117417145448827,0.56
1997-03-08,8,3,1997,0.00680574199998227,2.2,0.00466083899777639,0.49,2.28381110891043e-06,0.209673474015762,obs_smoothed,0.000102740002267723,0.49
1997-03-09,9,3,1997,0.00639538060659895,2.19,0.00437980742392775,0.4,1.7519229695711e-06,0.198492587590156,obs_smoothed,7.93970350360624e-05,0.4
1997-03-10,10,3,1997,0.00604468453559244,2.1,0.00413963700252207,0.35,1.44887295088272e-06,0.183940503871509,obs_smoothed,6.43791763550282e-05,0.35
1997-03-11,11,3,1997,0.00549983812386528,2.03,0.00376650481449862,0.66,2.48589317756909e-06,0.173574815862614,obs_smoothed,0.000114559378469325,0.66
1997-03-12,12,3,1997,0.00559451740692809,2.13,0.00383134490023531,0.46,1.76241865410824e-06,0.166744983613209,obs_smoothed,7.67026924620761e-05,0.46
1997-03-13,13,3,1997,0.00621422061223204,2.21,0.0042557419558885,0.9,3.83016776029965e-06,0.166744983613209,obs_smoothed,0.000150070485251888,0.9
1997-03-14,14,3,1997,0.00654012311404363,2.22,0.00447893276886969,0.53,2.37383436750094e-06,0.161841679123723,obs_smoothed,8.57760899355732e-05,0.53
1997-03-15,15,3,1997,0.0066135763813842,2.23,0.00452923644669585,0.35,1.58523275634355e-06,0.153722163588326,obs_smoothed,5.38027572559141e-05,0.35
1997-03-16,16,3,1997,0.00706319941177195,2.34,0.00483715592914686,0.25,1.20928898228671e-06,0.153722163588326,obs_smoothed,3.84305408970815e-05,0.25
1997-03-17,17,3,1997,0.00699735115443381,2.21,0.00479206046038856,0.29,1.38969753351268e-06,0.153722163588326,obs_smoothed,4.45794274406145e-05,0.29
1997-03-18,18,3,1997,0.00646790643369532,2.2,0.00442947595430661,0.45,1.99326417943797e-06,0.153722163588326,obs_smoothed,6.91749736147467e-05,0.45
1997-03-19,19,3,1997,0.0063597669012217,2.18,0.00435541776195143,0.229,9.97390667486878e-07,0.141403341002287,obs_smoothed,3.23813650895237e-05,0.229
1997-03-20,20,3,1997,0.00535774191258404,1.9,0.00366919175693963,1.049,3.84898215302968e-06,0.128245116870623,obs_smoothed,0.000134529127597284,1.049
1997-03-21,21,3,1997,0.00418952581512086,1.8,0.002869151563688,0.434,1.24521177864059e-06,0.114352800144346,obs_smoothed,4.96291152626462e-05,0.434
1997-03-22,22,3,1997,0.00340543073506512,1.6,0.00233217250584275,0.071,1.65584247914835e-07,0.107797745899623,obs_smoothed,7.65363995887323e-06,0.071
1997-03-23,23,3,1997,0.00291943968123484,1.6,0.00199934677482495,0.189,3.77876540441915e-07,0.115730593951117,obs_smoothed,2.18730822567611e-05,0.189
1997-03-24,24,3,1997,0.00289711928602445,1.59,0.0019840608929266,0.288,5.7140953716286e-07,0.12813172682332,obs_smoothed,3.69019373251162e-05,0.288
1997-03-25,NA,NA,NA,NA,NA,NA,NA,NA,0.12269438837604,obs_smoothed,NA,NA
1997-03-26,NA,NA,NA,NA,NA,NA,NA,NA,0.117842274947957,obs_smoothed,NA,NA
1997-03-27,NA,NA,NA,NA,NA,NA,NA,NA,0.0883892921872935,obs_smoothed,NA,NA
1997-03-28,NA,NA,NA,NA,NA,NA,NA,NA,0.0918673561920269,obs_smoothed,NA,NA
1997-03-29,NA,NA,NA,NA,NA,NA,NA,NA,0.105263652495837,obs_smoothed,NA,NA
1997-03-30,NA,NA,NA,NA,NA,NA,NA,NA,0.10653069919773,obs_smoothed,NA,NA
1997-03-31,NA,NA,NA,NA,NA,NA,NA,NA,0.10272955909205,obs_smoothed,NA,NA
1997-04-01,NA,NA,NA,NA,NA,NA,NA,NA,0.100267948494538,obs_smoothed,NA,NA
1997-04-02,NA,NA,NA,NA,NA,NA,NA,NA,0.0919736623193414,obs_smoothed,NA,NA
1997-04-03,NA,NA,NA,NA,NA,NA,NA,NA,0.0838926812960228,obs_smoothed,NA,NA
1997-04-04,NA,NA,NA,NA,NA,NA,NA,NA,0.0838926812960228,obs_smoothed,NA,NA
1997-04-05,NA,NA,NA,NA,NA,NA,NA,NA,0.0907432034692093,obs_smoothed,NA,NA
1997-04-06,NA,NA,NA,NA,NA,NA,NA,NA,0.095416524378648,obs_smoothed,NA,NA
1997-04-07,NA,NA,NA,NA,NA,NA,NA,NA,0.0895838488009648,obs_smoothed,NA,NA
1997-04-08,NA,NA,NA,NA,NA,NA,NA,NA,0.0838926812960228,obs_smoothed,NA,NA
1997-04-09,NA,NA,NA,NA,NA,NA,NA,NA,0.0850168340188405,obs_smoothed,NA,NA
1997-04-10,10,4,1997,0.00289664938296739,1.6,0.00198373908488663,0.257,5.09820944815864e-07,0.0828033765584792,obs_smoothed,2.12804677755292e-05,0.257
1997-04-11,NA,NA,NA,NA,NA,NA,NA,NA,0.0806247670833921,obs_smoothed,NA,NA
1997-04-12,NA,NA,NA,NA,NA,NA,NA,NA,0.0806247670833921,obs_smoothed,NA,NA
1997-04-13,NA,NA,NA,NA,NA,NA,NA,NA,0.0743634072670997,obs_smoothed,NA,NA
1997-04-14,NA,NA,NA,NA,NA,NA,NA,NA,0.0663322260586209,obs_smoothed,NA,NA
1997-04-15,15,4,1997,0.00291943968123484,1.6,0.00199934677482495,0.087,1.7394316940977e-07,0.0598548325850881,obs_smoothed,5.20737043490266e-06,0.087
1997-04-16,NA,NA,NA,NA,NA,NA,NA,NA,0.0616632295496809,obs_smoothed,NA,NA
1997-04-17,NA,NA,NA,NA,NA,NA,NA,NA,0.0571259188096195,obs_smoothed,NA,NA
1997-04-18,NA,NA,NA,NA,NA,NA,NA,NA,0.0553824105980389,obs_smoothed,NA,NA
1997-04-19,NA,NA,NA,NA,NA,NA,NA,NA,0.0598870846809411,obs_smoothed,NA,NA
1997-04-20,NA,NA,NA,NA,NA,NA,NA,NA,0.0625511097033977,obs_smoothed,NA,NA
1997-04-21,NA,NA,NA,NA,NA,NA,NA,NA,0.0580137989633363,obs_smoothed,NA,NA
1997-04-22,22,4,1997,0.00303311294049885,1.65,0.00207719468028234,0.103,2.13951052069081e-07,0.0545586450413206,obs_smoothed,5.61954043925602e-06,0.103
1997-04-23,NA,NA,NA,NA,NA,NA,NA,NA,0.0504075599308901,obs_smoothed,NA,NA
1997-04-24,NA,NA,NA,NA,NA,NA,NA,NA,0.0448288117259476,obs_smoothed,NA,NA
1997-04-25,NA,NA,NA,NA,NA,NA,NA,NA,0.0404744056631617,obs_smoothed,NA,NA
1997-04-26,NA,NA,NA,NA,NA,NA,NA,NA,0.0356007412282845,obs_smoothed,NA,NA
1997-04-27,NA,NA,NA,NA,NA,NA,NA,NA,0.0323365239908346,obs_smoothed,NA,NA
1997-04-28,NA,NA,NA,NA,NA,NA,NA,NA,0.0398333250824577,obs_smoothed,NA,NA
1997-04-29,29,4,1997,0.0031744548337148,1.66,0.00217399115125085,0.126,2.73922885057608e-07,0.0530051166867736,obs_smoothed,6.67864470253347e-06,0.126
1997-04-30,NA,NA,NA,NA,NA,NA,NA,NA,0.0562380386559027,obs_smoothed,NA,NA
1997-05-01,NA,NA,NA,NA,NA,NA,NA,NA,0.0524082596036512,obs_smoothed,NA,NA
1997-05-02,NA,NA,NA,NA,NA,NA,NA,NA,0.043306350779386,obs_smoothed,NA,NA
1997-05-03,NA,NA,NA,NA,NA,NA,NA,NA,0.043306350779386,obs_smoothed,NA,NA
1997-05-04,NA,NA,NA,NA,NA,NA,NA,NA,0.0397438366633712,obs_smoothed,NA,NA
1997-05-05,NA,NA,NA,NA,NA,NA,NA,NA,0.0287776014431696,obs_smoothed,NA,NA
1997-05-06,6,5,1997,0.00322223655509594,1.67,0.00220671394773575,0.053,1.16955839229995e-07,0.0143054871927831,obs_smoothed,7.58190821217504e-07,0.053
1997-05-07,NA,NA,NA,NA,NA,NA,NA,NA,0.0097793319227043,obs_smoothed,NA,NA
1997-05-08,NA,NA,NA,NA,NA,NA,NA,NA,0.00804088238868238,obs_smoothed,NA,NA
1997-05-09,NA,NA,NA,NA,NA,NA,NA,NA,0.00776242112156437,obs_smoothed,NA,NA
1997-05-10,NA,NA,NA,NA,NA,NA,NA,NA,0.00699298491442117,obs_smoothed,NA,NA
1997-05-11,NA,NA,NA,NA,NA,NA,NA,NA,0.00579614103490586,obs_smoothed,NA,NA
1997-05-12,NA,NA,NA,NA,NA,NA,NA,NA,0.00579614103490586,obs_smoothed,NA,NA
1997-05-13,13,5,1997,0.00327045108192438,1.68,0.00223973314636271,0.043,9.63085252935966e-08,0.00579614103490586,obs_smoothed,2.49234064500952e-07,0.043
1997-05-14,NA,NA,NA,NA,NA,NA,NA,NA,0.00579614103490586,obs_smoothed,NA,NA
1997-05-15,NA,NA,NA,NA,NA,NA,NA,NA,0.00579614103490586,obs_smoothed,NA,NA
1997-05-16,NA,NA,NA,NA,NA,NA,NA,NA,0.00441544610194649,obs_smoothed,NA,NA
1997-05-17,NA,NA,NA,NA,NA,NA,NA,NA,0.00350099090342641,obs_smoothed,NA,NA
1997-05-18,NA,NA,NA,NA,NA,NA,NA,NA,0.00497915121109654,obs_smoothed,NA,NA
1997-05-19,NA,NA,NA,NA,NA,NA,NA,NA,0.00603123232085609,obs_smoothed,NA,NA
1997-05-20,20,5,1997,0.00359396078790593,1.8,0.00246128527892988,0.064,1.57522257851512e-07,0.00365124246923773,obs_smoothed,2.33679518031215e-07,0.064
1997-05-21,NA,NA,NA,NA,NA,NA,NA,NA,0.00192729232863884,obs_smoothed,NA,NA
1997-05-22,NA,NA,NA,NA,NA,NA,NA,NA,0.00244377902082552,obs_smoothed,NA,NA
1997-05-23,NA,NA,NA,NA,NA,NA,NA,NA,0.00283982041956561,obs_smoothed,NA,NA
1997-05-24,NA,NA,NA,NA,NA,NA,NA,NA,0.00536750617133799,obs_smoothed,NA,NA
1997-05-25,NA,NA,NA,NA,NA,NA,NA,NA,0.00579614103490586,obs_smoothed,NA,NA
1997-05-26,NA,NA,NA,NA,NA,NA,NA,NA,0.00579614103490586,obs_smoothed,NA,NA
1997-05-27,27,5,1997,0.00418367675864744,1.9,0.0028651459004537,0.099,2.83649444144916e-07,0.00441544610194649,obs_smoothed,4.37129164092703e-07,0.099
1997-05-28,NA,NA,NA,NA,NA,NA,NA,NA,0.00301380517341355,obs_smoothed,NA,NA
1997-05-29,NA,NA,NA,NA,NA,NA,NA,NA,0.00283982041956561,obs_smoothed,NA,NA
1997-05-30,NA,NA,NA,NA,NA,NA,NA,NA,0.00283982041956561,obs_smoothed,NA,NA
1997-05-31,NA,NA,NA,NA,NA,NA,NA,NA,0.0038127737099211,obs_smoothed,NA,NA
1997-06-01,NA,NA,NA,NA,NA,NA,NA,NA,0.00517332869121726,obs_smoothed,NA,NA
1997-06-02,NA,NA,NA,NA,NA,NA,NA,NA,0.0041036632954518,obs_smoothed,NA,NA
1997-06-03,NA,NA,NA,NA,NA,NA,NA,NA,0.00330749462930765,obs_smoothed,NA,NA
1997-06-04,4,6,1997,0.00476710468453329,2,0.00326470022228483,0.178,5.81116639566699e-07,0.00299571182281296,obs_smoothed,5.33236704460707e-07,0.178
1997-06-05,NA,NA,NA,NA,NA,NA,NA,NA,0.00425955469869915,obs_smoothed,NA,NA
1997-06-06,NA,NA,NA,NA,NA,NA,NA,NA,0.00558182360312192,obs_smoothed,NA,NA
1997-06-07,NA,NA,NA,NA,NA,NA,NA,NA,0.00603123232085609,obs_smoothed,NA,NA
1997-06-08,NA,NA,NA,NA,NA,NA,NA,NA,0.00536750617133799,obs_smoothed,NA,NA
1997-06-09,NA,NA,NA,NA,NA,NA,NA,NA,0.00390743921426846,obs_smoothed,NA,NA
1997-06-10,10,6,1997,0.00539654601240134,2.1,0.00369576632613466,0.249,9.20245815207531e-07,0.000861508537202614,obs_smoothed,2.14515625763451e-07,0.249
1997-06-11,NA,NA,NA,NA,NA,NA,NA,NA,7.67742965162644e-05,obs_smoothed,NA,NA
1997-06-12,NA,NA,NA,NA,NA,NA,NA,NA,0.000979519484425407,obs_smoothed,NA,NA
1997-06-13,NA,NA,NA,NA,NA,NA,NA,NA,0.00361515357791337,obs_smoothed,NA,NA
1997-06-14,NA,NA,NA,NA,NA,NA,NA,NA,0.00495901125943332,obs_smoothed,NA,NA
1997-06-15,NA,NA,NA,NA,NA,NA,NA,NA,0.00536750617133799,obs_smoothed,NA,NA
1997-06-16,NA,NA,NA,NA,NA,NA,NA,NA,0.00497915121109654,obs_smoothed,NA,NA
1997-06-17,17,6,1997,0.00573041213444311,2.1,0.00392441093853001,0.214,8.39823940845423e-07,0.00280981037255668,obs_smoothed,6.0129941972713e-07,0.214
1997-06-18,NA,NA,NA,NA,NA,NA,NA,NA,0.00149523968110207,obs_smoothed,NA,NA
1997-06-19,NA,NA,NA,NA,NA,NA,NA,NA,0.00185735214522547,obs_smoothed,NA,NA
1997-06-20,NA,NA,NA,NA,NA,NA,NA,NA,0.00330749462930765,obs_smoothed,NA,NA
1997-06-21,NA,NA,NA,NA,NA,NA,NA,NA,0.00351908425402701,obs_smoothed,NA,NA
1997-06-22,NA,NA,NA,NA,NA,NA,NA,NA,0.00272011571751946,obs_smoothed,NA,NA
1997-06-23,NA,NA,NA,NA,NA,NA,NA,NA,0.00250256016072319,obs_smoothed,NA,NA
1997-06-24,24,6,1997,0.0054033472408588,2,0.00370042407408153,0.29,1.07312298148364e-06,0.000875650366395349,obs_smoothed,2.53938606254651e-07,0.29
1997-06-25,NA,NA,NA,NA,NA,NA,NA,NA,1.49575821277676e-06,obs_smoothed,NA,NA
1997-06-26,NA,NA,NA,NA,NA,NA,NA,NA,0,obs_smoothed,NA,NA
1997-06-27,NA,NA,NA,NA,NA,NA,NA,NA,0,obs_smoothed,NA,NA
1997-06-28,NA,NA,NA,NA,NA,NA,NA,NA,0,obs_smoothed,NA,NA
1997-06-29,NA,NA,NA,NA,NA,NA,NA,NA,0,obs_smoothed,NA,NA
1997-06-30,NA,NA,NA,NA,NA,NA,NA,NA,0,obs_smoothed,NA,NA
1997-07-01,NA,NA,NA,NA,NA,NA,NA,NA,0,obs_smoothed,NA,NA
1997-07-02,NA,NA,NA,NA,NA,NA,NA,NA,0,obs_smoothed,NA,NA
1997-07-03,NA,NA,NA,NA,NA,NA,NA,NA,0,obs_smoothed,NA,NA
1997-07-04,NA,NA,NA,NA,NA,NA,NA,NA,0,obs_smoothed,NA,NA
1997-07-05,NA,NA,NA,NA,NA,NA,NA,NA,0,obs_smoothed,NA,NA
1997-07-06,NA,NA,NA,NA,NA,NA,NA,NA,0,obs_smoothed,NA,NA
1997-07-07,NA,NA,NA,NA,NA,NA,NA,NA,0,obs_smoothed,NA,NA
1997-07-08,NA,NA,NA,NA,NA,NA,NA,NA,0,obs_smoothed,NA,NA
1997-07-09,NA,NA,NA,NA,NA,NA,NA,NA,0,obs_smoothed,NA,NA
1997-07-10,NA,NA,NA,NA,NA,NA,NA,NA,0,obs_smoothed,NA,NA
1997-07-11,NA,NA,NA,NA,NA,NA,NA,NA,0,obs_smoothed,NA,NA
1997-07-12,NA,NA,NA,NA,NA,NA,NA,NA,0,obs_smoothed,NA,NA
1997-07-13,NA,NA,NA,NA,NA,NA,NA,NA,0,obs_smoothed,NA,NA
1997-07-14,NA,NA,NA,NA,NA,NA,NA,NA,0,obs_smoothed,NA,NA
1997-07-15,NA,NA,NA,NA,NA,NA,NA,NA,0,obs_smoothed,NA,NA
1997-07-16,NA,NA,NA,NA,NA,NA,NA,NA,0,obs_smoothed,NA,NA
1997-07-17,NA,NA,NA,NA,NA,NA,NA,NA,0,obs_smoothed,NA,NA
1997-07-18,NA,NA,NA,NA,NA,NA,NA,NA,0,obs_smoothed,NA,NA
1997-07-19,NA,NA,NA,NA,NA,NA,NA,NA,0,obs_smoothed,NA,NA
1997-07-20,NA,NA,NA,NA,NA,NA,NA,NA,0,obs_smoothed,NA,NA
1997-07-21,NA,NA,NA,NA,NA,NA,NA,NA,0,obs_smoothed,NA,NA
1997-07-22,NA,NA,NA,NA,NA,NA,NA,NA,0,obs_smoothed,NA,NA
1997-07-23,NA,NA,NA,NA,NA,NA,NA,NA,0,obs_smoothed,NA,NA
1997-07-24,NA,NA,NA,NA,NA,NA,NA,NA,0,obs_smoothed,NA,NA
1997-07-25,NA,NA,NA,NA,NA,NA,NA,NA,0,obs_smoothed,NA,NA
1997-07-26,NA,NA,NA,NA,NA,NA,NA,NA,0,obs_smoothed,NA,NA
1997-07-27,NA,NA,NA,NA,NA,NA,NA,NA,0,obs_smoothed,NA,NA
1997-07-28,NA,NA,NA,NA,NA,NA,NA,NA,0,obs_smoothed,NA,NA
1997-07-29,NA,NA,NA,NA,NA,NA,NA,NA,0,obs_smoothed,NA,NA
1997-07-30,NA,NA,NA,NA,NA,NA,NA,NA,0,obs_smoothed,NA,NA
1997-07-31,NA,NA,NA,NA,NA,NA,NA,NA,0,obs_smoothed,NA,NA
1997-08-01,NA,NA,NA,NA,NA,NA,NA,NA,0,obs_smoothed,NA,NA
1997-08-02,NA,NA,NA,NA,NA,NA,NA,NA,0,obs_smoothed,NA,NA
1997-08-03,NA,NA,NA,NA,NA,NA,NA,NA,0,obs_smoothed,NA,NA
1997-08-04,NA,NA,NA,NA,NA,NA,NA,NA,0,obs_smoothed,NA,NA
1997-08-05,NA,NA,NA,NA,NA,NA,NA,NA,0,obs_smoothed,NA,NA
1997-08-06,NA,NA,NA,NA,NA,NA,NA,NA,0,obs_smoothed,NA,NA
1997-08-07,NA,NA,NA,NA,NA,NA,NA,NA,0,obs_smoothed,NA,NA
1997-08-08,NA,NA,NA,NA,NA,NA,NA,NA,0,obs_smoothed,NA,NA
1997-08-09,NA,NA,NA,NA,NA,NA,NA,NA,0,obs_smoothed,NA,NA
1997-08-10,NA,NA,NA,NA,NA,NA,NA,NA,0,obs_smoothed,NA,NA
1997-08-11,NA,NA,NA,NA,NA,NA,NA,NA,0,obs_smoothed,NA,NA
1997-08-12,NA,NA,NA,NA,NA,NA,NA,NA,0,obs_smoothed,NA,NA
1997-08-13,NA,NA,NA,NA,NA,NA,NA,NA,0,obs_smoothed,NA,NA
1997-08-14,NA,NA,NA,NA,NA,NA,NA,NA,0,obs_smoothed,NA,NA
1997-08-15,NA,NA,NA,NA,NA,NA,NA,NA,0,obs_smoothed,NA,NA
1997-08-16,NA,NA,NA,NA,NA,NA,NA,NA,0,obs_smoothed,NA,NA
1997-08-17,NA,NA,NA,NA,NA,NA,NA,NA,0,obs_smoothed,NA,NA
1997-08-18,NA,NA,NA,NA,NA,NA,NA,NA,0,obs_smoothed,NA,NA
1997-08-19,NA,NA,NA,NA,NA,NA,NA,NA,0,obs_smoothed,NA,NA
1997-08-20,NA,NA,NA,NA,NA,NA,NA,NA,0,obs_smoothed,NA,NA
1997-08-21,NA,NA,NA,NA,NA,NA,NA,NA,0,obs_smoothed,NA,NA
1997-08-22,NA,NA,NA,NA,NA,NA,NA,NA,0,obs_smoothed,NA,NA
1997-08-23,NA,NA,NA,NA,NA,NA,NA,NA,0,obs_smoothed,NA,NA
1997-08-24,NA,NA,NA,NA,NA,NA,NA,NA,0,obs_smoothed,NA,NA
1997-08-25,NA,NA,NA,NA,NA,NA,NA,NA,0,obs_smoothed,NA,NA
1997-08-26,NA,NA,NA,NA,NA,NA,NA,NA,0,obs_smoothed,NA,NA
1997-08-27,NA,NA,NA,NA,NA,NA,NA,NA,0,obs_smoothed,NA,NA
1997-08-28,NA,NA,NA,NA,NA,NA,NA,NA,0,obs_smoothed,NA,NA
1997-08-29,NA,NA,NA,NA,NA,NA,NA,NA,0,obs_smoothed,NA,NA
1997-08-30,NA,NA,NA,NA,NA,NA,NA,NA,0,obs_smoothed,NA,NA
1997-08-31,NA,NA,NA,NA,NA,NA,NA,NA,0,obs_smoothed,NA,NA
1997-09-01,NA,NA,NA,NA,NA,NA,NA,NA,0,obs_smoothed,NA,NA
1997-09-02,NA,NA,NA,NA,NA,NA,NA,NA,0,obs_smoothed,NA,NA
1997-09-03,NA,NA,NA,NA,NA,NA,NA,NA,0,obs_smoothed,NA,NA
1997-09-04,NA,NA,NA,NA,NA,NA,NA,NA,0,obs_smoothed,NA,NA
1997-09-05,NA,NA,NA,NA,NA,NA,NA,NA,0,obs_smoothed,NA,NA
1997-09-06,NA,NA,NA,NA,NA,NA,NA,NA,0,obs_smoothed,NA,NA
1997-09-07,NA,NA,NA,NA,NA,NA,NA,NA,0,obs_smoothed,NA,NA
1997-09-08,NA,NA,NA,NA,NA,NA,NA,NA,0,obs_smoothed,NA,NA
1997-09-09,NA,NA,NA,NA,NA,NA,NA,NA,0,obs_smoothed,NA,NA
1997-09-10,NA,NA,NA,NA,NA,NA,NA,NA,0,obs_smoothed,NA,NA
1997-09-11,NA,NA,NA,NA,NA,NA,NA,NA,0,obs_smoothed,NA,NA
1997-09-12,NA,NA,NA,NA,NA,NA,NA,NA,0,obs_smoothed,NA,NA
1997-09-13,NA,NA,NA,NA,NA,NA,NA,NA,0,obs_smoothed,NA,NA
1997-09-14,NA,NA,NA,NA,NA,NA,NA,NA,0,obs_smoothed,NA,NA
1997-09-15,NA,NA,NA,NA,NA,NA,NA,NA,0,obs_smoothed,NA,NA
1997-09-16,NA,NA,NA,NA,NA,NA,NA,NA,0,obs_smoothed,NA,NA
1997-09-17,NA,NA,NA,NA,NA,NA,NA,NA,0,obs_smoothed,NA,NA
1997-09-18,NA,NA,NA,NA,NA,NA,NA,NA,0,obs_smoothed,NA,NA
1997-09-19,NA,NA,NA,NA,NA,NA,NA,NA,0,obs_smoothed,NA,NA
1997-09-20,NA,NA,NA,NA,NA,NA,NA,NA,0,obs_smoothed,NA,NA
1997-09-21,NA,NA,NA,NA,NA,NA,NA,NA,0,obs_smoothed,NA,NA
1997-09-22,NA,NA,NA,NA,NA,NA,NA,NA,0,obs_smoothed,NA,NA
1997-09-23,NA,NA,NA,NA,NA,NA,NA,NA,0,obs_smoothed,NA,NA
1997-09-24,NA,NA,NA,NA,NA,NA,NA,NA,0,obs_smoothed,NA,NA
1997-09-25,NA,NA,NA,NA,NA,NA,NA,NA,0,obs_smoothed,NA,NA
1997-09-26,NA,NA,NA,NA,NA,NA,NA,NA,0,obs_smoothed,NA,NA
1997-09-27,NA,NA,NA,NA,NA,NA,NA,NA,0,obs_smoothed,NA,NA
1997-09-28,NA,NA,NA,NA,NA,NA,NA,NA,0,obs_smoothed,NA,NA
1997-09-29,NA,NA,NA,NA,NA,NA,NA,NA,0,obs_smoothed,NA,NA
1997-09-30,NA,NA,NA,NA,NA,NA,NA,NA,0,obs_smoothed,NA,NA
1997-10-01,NA,NA,NA,NA,NA,NA,NA,NA,0,obs_smoothed,NA,NA
1997-10-02,NA,NA,NA,NA,NA,NA,NA,NA,0,obs_smoothed,NA,NA
1997-10-03,NA,NA,NA,NA,NA,NA,NA,NA,0,obs_smoothed,NA,NA
1997-10-04,NA,NA,NA,NA,NA,NA,NA,NA,0,obs_smoothed,NA,NA
1997-10-05,NA,NA,NA,NA,NA,NA,NA,NA,0,obs_smoothed,NA,NA
1997-10-06,NA,NA,NA,NA,NA,NA,NA,NA,0,obs_smoothed,NA,NA
1997-10-07,NA,NA,NA,NA,NA,NA,NA,NA,0,obs_smoothed,NA,NA
1997-10-08,NA,NA,NA,NA,NA,NA,NA,NA,0,obs_smoothed,NA,NA
1997-10-09,NA,NA,NA,NA,NA,NA,NA,NA,0,obs_smoothed,NA,NA
1997-10-10,NA,NA,NA,NA,NA,NA,NA,NA,0,obs_smoothed,NA,NA
1997-10-11,NA,NA,NA,NA,NA,NA,NA,NA,0,obs_smoothed,NA,NA
1997-10-12,NA,NA,NA,NA,NA,NA,NA,NA,0,obs_smoothed,NA,NA
1997-10-13,NA,NA,NA,NA,NA,NA,NA,NA,0,obs_smoothed,NA,NA
1997-10-14,NA,NA,NA,NA,NA,NA,NA,NA,0,obs_smoothed,NA,NA
1997-10-15,NA,NA,NA,NA,NA,NA,NA,NA,0,obs_smoothed,NA,NA
1997-10-16,NA,NA,NA,NA,NA,NA,NA,NA,0,obs_smoothed,NA,NA
1997-10-17,NA,NA,NA,NA,NA,NA,NA,NA,0,obs_smoothed,NA,NA
1997-10-18,NA,NA,NA,NA,NA,NA,NA,NA,0,obs_smoothed,NA,NA
1997-10-19,NA,NA,NA,NA,NA,NA,NA,NA,0,obs_smoothed,NA,NA
1997-10-20,NA,NA,NA,NA,NA,NA,NA,NA,0,obs_smoothed,NA,NA
1997-10-21,NA,NA,NA,NA,NA,NA,NA,NA,0,obs_smoothed,NA,NA
1997-10-22,NA,NA,NA,NA,NA,NA,NA,NA,0,obs_smoothed,NA,NA
1997-10-23,NA,NA,NA,NA,NA,NA,NA,NA,0,obs_smoothed,NA,NA
1997-10-24,NA,NA,NA,NA,NA,NA,NA,NA,0,obs_smoothed,NA,NA
1997-10-25,NA,NA,NA,NA,NA,NA,NA,NA,0,obs_smoothed,NA,NA
1997-10-26,NA,NA,NA,NA,NA,NA,NA,NA,0,obs_smoothed,NA,NA
1997-10-27,NA,NA,NA,NA,NA,NA,NA,NA,0,obs_smoothed,NA,NA
1997-10-28,NA,NA,NA,NA,NA,NA,NA,NA,0,obs_smoothed,NA,NA
1997-10-29,NA,NA,NA,NA,NA,NA,NA,NA,0,obs_smoothed,NA,NA
1997-10-30,NA,NA,NA,NA,NA,NA,NA,NA,0,obs_smoothed,NA,NA
1997-10-31,NA,NA,NA,NA,NA,NA,NA,NA,0,obs_smoothed,NA,NA
1997-11-01,NA,NA,NA,NA,NA,NA,NA,NA,0,obs_smoothed,NA,NA
1997-11-02,NA,NA,NA,NA,NA,NA,NA,NA,0,obs_smoothed,NA,NA
1997-11-03,NA,NA,NA,NA,NA,NA,NA,NA,0,obs_smoothed,NA,NA
1997-11-04,NA,NA,NA,NA,NA,NA,NA,NA,0,obs_smoothed,NA,NA
1997-11-05,NA,NA,NA,NA,NA,NA,NA,NA,0,obs_smoothed,NA,NA
1997-11-06,NA,NA,NA,NA,NA,NA,NA,NA,0,obs_smoothed,NA,NA
1997-11-07,NA,NA,NA,NA,NA,NA,NA,NA,0,obs_smoothed,NA,NA
1997-11-08,NA,NA,NA,NA,NA,NA,NA,NA,0,obs_smoothed,NA,NA
1997-11-09,NA,NA,NA,NA,NA,NA,NA,NA,0,obs_smoothed,NA,NA
1997-11-10,NA,NA,NA,NA,NA,NA,NA,NA,0,obs_smoothed,NA,NA
1997-11-11,NA,NA,NA,NA,NA,NA,NA,NA,0,obs_smoothed,NA,NA
1997-11-12,NA,NA,NA,NA,NA,NA,NA,NA,0,obs_smoothed,NA,NA
1997-11-13,NA,NA,NA,NA,NA,NA,NA,NA,0,obs_smoothed,NA,NA
1997-11-14,NA,NA,NA,NA,NA,NA,NA,NA,0,obs_smoothed,NA,NA
1997-11-15,NA,NA,NA,NA,NA,NA,NA,NA,0,obs_smoothed,NA,NA
1997-11-16,NA,NA,NA,NA,NA,NA,NA,NA,0,obs_smoothed,NA,NA
1997-11-17,NA,NA,NA,NA,NA,NA,NA,NA,0,obs_smoothed,NA,NA
1997-11-18,NA,NA,NA,NA,NA,NA,NA,NA,0,obs_smoothed,NA,NA
1997-11-19,NA,NA,NA,NA,NA,NA,NA,NA,0,obs_smoothed,NA,NA
1997-11-20,NA,NA,NA,NA,NA,NA,NA,NA,0,obs_smoothed,NA,NA
1997-11-21,NA,NA,NA,NA,NA,NA,NA,NA,0,obs_smoothed,NA,NA
1997-11-22,NA,NA,NA,NA,NA,NA,NA,NA,0,obs_smoothed,NA,NA
1997-11-23,NA,NA,NA,NA,NA,NA,NA,NA,0,obs_smoothed,NA,NA
1997-11-24,NA,NA,NA,NA,NA,NA,NA,NA,0,obs_smoothed,NA,NA
1997-11-25,NA,NA,NA,NA,NA,NA,NA,NA,0,obs_smoothed,NA,NA
1997-11-26,NA,NA,NA,NA,NA,NA,NA,NA,0,obs_smoothed,NA,NA
1997-11-27,NA,NA,NA,NA,NA,NA,NA,NA,0,obs_smoothed,NA,NA
1997-11-28,NA,NA,NA,NA,NA,NA,NA,NA,0,obs_smoothed,NA,NA
1997-11-29,NA,NA,NA,NA,NA,NA,NA,NA,0,obs_smoothed,NA,NA
1997-11-30,NA,NA,NA,NA,NA,NA,NA,NA,0.00536432195653099,obs_smoothed,NA,NA
1997-12-01,1,12,1997,0.00477341746112881,1.9,0.00326902345924278,1.048,3.42593658528644e-06,0.0042987038941497,obs_smoothed,4.50504168106889e-06,1.048
1997-12-02,NA,NA,NA,NA,NA,NA,NA,NA,0.00092134062244585,obs_smoothed,NA,NA
1997-12-03,3,12,1997,0.00367046224218244,1.6,0.00251367647469949,2.2,5.53008824433888e-06,0.000965705429066212,obs_smoothed,2.12455194394567e-06,2.2
1997-12-04,4,12,1997,0.00235538752778406,1.445,0.00161306174174699,3.4,5.43488015857521e-06,0.000786940770729731,obs_smoothed,2.67559862048109e-06,3.4
1997-12-05,5,12,1997,0.00225616378752467,1.4625,0.00154510943351853,2.6765,4.10610950915456e-06,0.00113179179570257,obs_smoothed,3.02924074119793e-06,2.6765
1997-12-06,6,12,1997,0.00401169069402941,1.8575,0.00274736309924732,10.0985,2.90068859811064e-05,0.172534941085571,obs_smoothed,0.00174234410255264,10.0985
1997-12-07,7,12,1997,0.0044522510874976,1.88,0.00304907613255913,15.99925,4.89686164890478e-05,0.244823812402602,obs_smoothed,0.00391699738058233,15.99925
1997-12-08,8,12,1997,0.00317437290982657,1.6,0.00217393504655968,9.08525,2.06340793986788e-05,0.159931976211801,obs_smoothed,0.00145302198687826,9.08525
1997-12-09,9,12,1997,0.00161204880925965,1.2075,0.00110399423847333,3.431,3.92593494624817e-06,0.0939508801730719,obs_smoothed,0.00032234546987381,3.431
1997-12-10,10,12,1997,0.000845593642648583,0.9525,0.000579095685075717,2.04225,1.19399364092571e-06,0.0492940752556084,obs_smoothed,0.000100670825190766,2.04225
1997-12-11,11,12,1997,0.000656997586977066,0.9075,0.00044993771066192,1.29225,5.48993481234913e-07,0.0329776045715385,obs_smoothed,4.26153095075706e-05,1.29225
1997-12-12,12,12,1997,0.000488522965696946,0.62,0.000334559683548926,0.448,1.61542922252286e-07,0.0259150517687503,obs_smoothed,1.16099431924001e-05,0.448
1997-12-13,13,12,1997,3.834408945617e-05,0.225,2.62595360611686e-05,2.369,6.61928263902927e-08,0.0222192739309433,obs_smoothed,5.26374599424047e-05,2.369
1997-12-14,14,12,1997,2.20433997241256e-07,0,1.50961845274249e-07,3.4515,4.92588501129874e-10,0.019822322932377,obs_smoothed,6.84167476010992e-05,3.4515
1997-12-15,15,12,1997,0,0,0,1.386,0,0.0147277306768645,obs_smoothed,2.04126347181342e-05,1.386
1997-12-16,NA,NA,NA,NA,NA,NA,NA,NA,0.0127681987964152,obs_smoothed,NA,NA
1997-12-17,17,12,1997,0,0,0,0.201,0,0.0127681987964152,obs_smoothed,2.56640795807946e-06,0.201
1997-12-18,NA,NA,NA,NA,NA,NA,NA,NA,0.0127681987964152,obs_smoothed,NA,NA
1997-12-19,19,12,1997,0,0,0,0.0475,0,0.0120725663944728,obs_smoothed,5.73446903737458e-07,0.0475
1997-12-20,20,12,1997,0,0,0,0.04525,0,0.0104044988733278,obs_smoothed,4.70803574018083e-07,0.04525
1997-12-21,21,12,1997,0,0,0,0.9215,0,0.010752315074299,obs_smoothed,9.90825834096653e-06,0.9215
1997-12-22,22,12,1997,0,0,0,0.226,0,0.010752315074299,obs_smoothed,2.43002320679157e-06,0.226
1997-12-23,NA,NA,NA,NA,NA,NA,NA,NA,0.0104512931634097,obs_smoothed,NA,NA
1997-12-24,24,12,1997,0,0,0,0.151,0,0.0158432861750467,obs_smoothed,2.39233621243205e-06,0.151
1997-12-25,NA,NA,NA,NA,NA,NA,NA,NA,0.0102653099589898,obs_smoothed,NA,NA
1997-12-26,26,12,1997,0,0,0,0.191,0,0.00724946365013557,obs_smoothed,1.38464755717589e-06,0.191
1997-12-27,NA,NA,NA,NA,NA,NA,NA,NA,0.00626632360680632,obs_smoothed,NA,NA
1997-12-28,28,12,1997,0,0,0,0.145,0,0.00515318873955405,obs_smoothed,7.47212367235337e-07,0.145
1997-12-29,29,12,1997,0,0,0,0.11,0,0.00369516838354713,obs_smoothed,4.06468522190184e-07,0.11
1997-12-30,NA,NA,NA,NA,NA,NA,NA,NA,0.00283982041956561,obs_smoothed,NA,NA
1997-12-31,31,12,1997,0,0,0,0.179,0,0.00330749462930765,obs_smoothed,5.92041538646069e-07,0.179
1998-01-01,1,1,1998,0,0,0,0.113,0,0.00330749462930765,obs_smoothed,3.73746893111764e-07,0.113
1998-01-02,2,1,1998,0,0,0,0.39225,0,0.0031516032260603,obs_smoothed,1.23621636542215e-06,0.39225
1998-01-03,3,1,1998,0,0,0,0.4515,0,0.0132742562171961,obs_smoothed,5.99332668206404e-06,0.4515
1998-01-04,4,1,1998,0,0,0,0.6665,0,0.0254995756974498,obs_smoothed,1.69954672023503e-05,0.6665
1998-01-05,5,1,1998,0,0,0,0.3505,0,0.032423013629966,obs_smoothed,1.13642662773031e-05,0.3505
1998-01-06,6,1,1998,0,0,0,0.16775,0,0.0248317405265652,obs_smoothed,4.16552447333131e-06,0.16775
1998-01-07,7,1,1998,0,0,0,0.8105,0,0.0232205929329882,obs_smoothed,1.88202905721869e-05,0.8105
1998-01-08,8,1,1998,0,0,0,0.31325,0,0.0202700489305143,obs_smoothed,6.34959282748361e-06,0.31325
1998-01-09,9,1,1998,0,0,0,0.61625,0,0.293687840536394,obs_smoothed,0.000180985131730553,0.61625
1998-01-10,10,1,1998,0.0662447380425354,1.9,0.0453669942920162,8.4085,0.000373778665971922,3.15864496761998,obs_smoothed,0.0265594662102326,8.4085
1998-01-11,11,1,1998,0.0375629374531559,3.765,0.0257245725378894,5.56975,0.000154508301868892,0.437973922128852,obs_smoothed,0.00243940525277717,5.56975
1998-01-12,12,1,1998,0.015556357106725,3.01,0.0106536033641223,3.635,3.84471714427253e-05,0.244736099354153,obs_smoothed,0.000889615721152346,3.635
1998-01-13,NA,NA,NA,NA,NA,NA,NA,NA,0.175503788697577,obs_smoothed,NA,NA
1998-01-14,NA,NA,NA,NA,NA,NA,NA,NA,0.137120278430109,obs_smoothed,NA,NA
1998-01-15,NA,NA,NA,NA,NA,NA,NA,NA,0.113086089449791,obs_smoothed,NA,NA
1998-01-16,NA,NA,NA,NA,NA,NA,NA,NA,0.0997672009060681,obs_smoothed,NA,NA
1998-01-17,NA,NA,NA,NA,NA,NA,NA,NA,0.0848922245264197,obs_smoothed,NA,NA
1998-01-18,NA,NA,NA,NA,NA,NA,NA,NA,0.0837237848469547,obs_smoothed,NA,NA
1998-01-19,NA,NA,NA,NA,NA,NA,NA,NA,0.0791870639787211,obs_smoothed,NA,NA
1998-01-20,20,1,1998,0.0113710975167274,2.62,0.00778737347869191,0.345,2.68664385014871e-06,0.063267730800829,obs_smoothed,2.1827367126286e-05,0.345
1998-01-21,NA,NA,NA,NA,NA,NA,NA,NA,0.0625511097033977,obs_smoothed,NA,NA
1998-01-22,22,1,1998,0.00915420618634338,2.45,0.0062691593638293,1.146,7.18445663094837e-06,0.0553824105980389,obs_smoothed,6.34682425453526e-05,1.146
1998-01-23,NA,NA,NA,NA,NA,NA,NA,NA,0.047174637961761,obs_smoothed,NA,NA
1998-01-24,24,1,1998,0.00831493459469275,2.43,0.00569439326718601,0.456,2.59664332983682e-06,0.043306350779386,obs_smoothed,1.97476959554e-05,0.456
1998-01-25,NA,NA,NA,NA,NA,NA,NA,NA,0.0356599800165549,obs_smoothed,NA,NA
1998-01-26,26,1,1998,0.0108478357309503,2.755,0.00742902328892529,0.4295,3.13845818863e-06,0.0275538379017284,obs_smoothed,1.18343733787923e-05,0.4295
1998-01-27,27,1,1998,0.00832223045794712,2.4275,0.0056993897604381,0.349,1.98372724997253e-06,0.0275538379017284,obs_smoothed,9.61628942770321e-06,0.349
1998-01-28,28,1,1998,0.013367829990476,3.37875,0.00915481417535631,0.4085,4.08987596291751e-06,0.0253872154173583,obs_smoothed,1.03706774979909e-05,0.4085
1998-01-29,29,1,1998,0.219457093517366,7.5825,0.150292823296426,0.66275,0.000116977969884217,0.0389378023335802,obs_smoothed,2.58060284965803e-05,0.66275
1998-01-30,30,1,1998,0.0582775935394174,4.9225,0.0399107813175677,0.64025,2.56690636150168e-05,0.0487596339917601,obs_smoothed,3.12183556632244e-05,0.64025
1998-01-31,31,1,1998,0.0251714701797605,3.7075,0.0172384098376781,0.804,1.31924461167535e-05,0.043306350779386,obs_smoothed,3.48183060266263e-05,0.804
1998-02-01,1,2,1998,0.0176254762915333,3.25,0.0120706173190485,0.62075,7.4152536627705e-06,0.0411448934108307,obs_smoothed,2.55406925847732e-05,0.62075
1998-02-02,2,2,1998,0.0141731418118515,3,0.00970632328963763,0.927,8.8875979053497e-06,0.0375827973043265,obs_smoothed,3.48392531011107e-05,0.927
1998-02-03,3,2,1998,0.0138785249609443,3,0.00950455811721202,3.552,3.37601904323371e-05,0.658721085794713,obs_smoothed,0.00233977729674282,3.552
1998-02-04,4,2,1998,0.0138785249609443,3,0.00950455811721202,4.6825,4.45050933838453e-05,0.709961220101907,obs_smoothed,0.00332439341312718,4.6825
1998-02-05,5,2,1998,0.0307023219053918,3.95,0.0210261539828145,2.43375,5.13846499068634e-05,0.371881200938384,obs_smoothed,0.000905065872783792,2.43375
1998-02-06,6,2,1998,0.0203794173526583,3.4025,0.0139566241490609,2.21125,3.0988753932199e-05,0.839602064264129,obs_smoothed,0.00185657006460406,2.21125
1998-02-07,7,2,1998,0.0151399364370796,3.08,0.0103684221602847,5.0495,5.23236885409593e-05,4.18551340668243,obs_smoothed,0.0211347499470429,5.0495
1998-02-08,8,2,1998,0.0122604508815648,2.8325,0.0083964375374894,7.04575,5.88261074561929e-05,7.42376697400212,obs_smoothed,0.0523060061570754,7.04575
1998-02-09,9,2,1998,0.00987861430374994,2.575,0.00676526244912449,5.92325,4.04051172638776e-05,2.91408789387962,obs_smoothed,0.0172608711174225,5.92325
1998-02-10,10,2,1998,0.00878683164827869,2.4925,0.006017566874163,4.61775,2.78040783291883e-05,1.42924558395302,obs_smoothed,0.00659989879529906,4.61775
1998-02-11,11,2,1998,0.00847433065799578,2.4525,0.00580355394179529,3.32675,1.93281218238934e-05,0.878459748084379,obs_smoothed,0.00292241596693971,3.32675
1998-02-12,12,2,1998,0.00735050494208745,2.305,0.00503391402252959,2.3585,1.19038646073121e-05,0.613972464468237,obs_smoothed,0.00144805405744834,2.3585
1998-02-13,13,2,1998,0.00758244228982426,2.375,0.00519275381330852,1.86275,9.61505256970326e-06,0.459378955690281,obs_smoothed,0.000855708149712071,1.86275
1998-02-14,14,2,1998,0.0146855061747594,3.035,0.0100572104968985,1.7675,1.72178420590222e-05,1.39902222348646,obs_smoothed,0.00247277178001232,1.7675
1998-02-15,15,2,1998,0.0112545801073812,2.72,0.00770757778772946,3.06525,2.36242546478833e-05,1.54009055756206,obs_smoothed,0.0047207625815671,3.06525
1998-02-16,16,2,1998,0.00888102866241451,2.49,0.0060820766832271,3.05875,1.85820118310194e-05,1.12433188268755,obs_smoothed,0.00343905014617054,3.05875
1998-02-17,17,2,1998,0.0071975082164694,2.27,0.00492913586530668,2.56125,1.27122037535539e-05,1.3441625040244,obs_smoothed,0.00344273621343249,2.56125
1998-02-18,18,2,1998,0.00628785163895275,2.175,0.00430616737030872,1.6055,6.87746634804118e-06,1.07209248389905,obs_smoothed,0.00172124448289992,1.6055
1998-02-19,19,2,1998,0.00595469810016527,2.125,0.00407801076286871,2.01575,8.22187773412184e-06,0.955655345634342,obs_smoothed,0.00192636226296242,2.01575
1998-02-20,20,2,1998,0.0209623290034749,3.275,0.0143558249054797,1.807,2.49315511473621e-05,1.08326312493806,obs_smoothed,0.00195745646676307,1.807
1998-02-21,21,2,1998,0.00988252501011298,2.545,0.00676794065419394,1.84475,1.24986242669758e-05,0.822871162209004,obs_smoothed,0.00151799157648506,1.84475
1998-02-22,22,2,1998,0.00697020806995358,2.2475,0.00477347181176425,2.7735,1.30843330120007e-05,3.84737377584471,obs_smoothed,0.0106706911673053,2.7735
1998-02-23,23,2,1998,0.00638599800279513,2.195,0.00437338184891923,3.0575,1.33794624562049e-05,21.5978913328704,obs_smoothed,0.0660355527502513,3.0575
1998-02-24,24,2,1998,0.00590542010852349,2.1,0.00404426326183551,3.334,1.3471588482629e-05,4.10571943917838,obs_smoothed,0.0136884686102207,3.334
1998-02-25,NA,NA,NA,NA,NA,NA,NA,NA,3.58976874784082,obs_smoothed,NA,NA
1998-02-26,NA,NA,NA,NA,NA,NA,NA,NA,5.17464781351891,obs_smoothed,NA,NA
1998-02-27,NA,NA,NA,NA,NA,NA,NA,NA,4.23872866668178,obs_smoothed,NA,NA
1998-02-28,NA,NA,NA,NA,NA,NA,NA,NA,3.07886754967196,obs_smoothed,NA,NA
1998-03-01,NA,NA,NA,NA,NA,NA,NA,NA,2.42045864359061,obs_smoothed,NA,NA
1998-03-02,NA,NA,NA,NA,NA,NA,NA,NA,1.96970553359771,obs_smoothed,NA,NA
1998-03-03,3,3,1998,0.00558288421479835,2.055,0.00382337803408801,1.0425,4.0025925462219e-06,1.69745564764999,obs_smoothed,0.00176959751267511,1.0425
1998-03-04,4,3,1998,0.00463575595994858,1.9,0.00317474746506097,1.578,4.96164767427821e-06,1.47390102681392,obs_smoothed,0.00232581582031237,1.578
1998-03-05,5,3,1998,0.004298221811741,1.87875,0.00294359084451156,1.5735,4.63340686943529e-06,1.72896581488438,obs_smoothed,0.00272052770972057,1.5735
1998-03-06,6,3,1998,0.00332462904952301,1.65,0.00227683634307582,1.65325,3.76504617827289e-06,2.0535676708027,obs_smoothed,0.00339506075175456,1.65325
1998-03-07,7,3,1998,0.00357344735543798,1.7575,0.00244723687597468,2.0225,4.85789371136849e-06,1.37809366877313,obs_smoothed,0.00278719444509366,2.0225
1998-03-08,8,3,1998,0.00535930619512926,2.0625,0.00367026303896741,1.76325,6.48841222241123e-06,1.2189537829918,obs_smoothed,0.00214932025786029,1.76325
1998-03-09,9,3,1998,0.00476896574795665,1.945,0.00326597475149574,1.4825,4.85523637830274e-06,1.11263105078332,obs_smoothed,0.00164947553278627,1.4825
1998-03-10,10,3,1998,0.00496823710455902,1.9875,0.00340244359060169,1.2665,4.31742654230352e-06,1.016336186189,obs_smoothed,0.00128718977980837,1.2665
1998-03-11,11,3,1998,0.00433795644326997,1.86,0.00297080267831204,1.47025,4.42979153896017e-06,0.927638801131085,obs_smoothed,0.00136386094736298,1.47025
1998-03-12,12,3,1998,0.00527600042092781,2.105,0.00361321197809278,0.97375,3.46926674534271e-06,0.818467454586271,obs_smoothed,0.000796982683903381,0.97375
1998-03-13,13,3,1998,0.00627910278598248,2.11,0.00430017581272252,1.03225,4.49529561207258e-06,0.784268212346212,obs_smoothed,0.000809560862194377,1.03225
1998-03-14,14,3,1998,0.0049291331323961,1.95,0.00337566365706536,1.08875,3.71958289245212e-06,0.763545600817066,obs_smoothed,0.000831310272889581,1.08875
1998-03-15,15,3,1998,0.00317437290982657,1.6,0.00217393504655968,1.0015,2.21729128047724e-06,0.714843657781464,obs_smoothed,0.000715915923268136,1.0015
1998-03-16,16,3,1998,0.00192978983692228,1.345,0.00132159575391829,0.869,1.14839877160829e-06,0.698998357463872,obs_smoothed,0.000607429572636105,0.869
1998-03-17,17,3,1998,0.0017413576805517,1.28,0.00119255002417282,0.877666666666667,1.05132491445942e-06,0.672119699905122,obs_smoothed,0.000589897056616729,0.877666666666667
1998-03-18,18,3,1998,0.00215434166884778,1.45,0.00147537765385855,0.99325,1.52891044988841e-06,0.605215801012988,obs_smoothed,0.00060113059435615,0.99325
1998-03-19,19,3,1998,0.00288611675326077,1.5875,0.00197652592704346,1.06075,2.09061770118224e-06,0.552725989865791,obs_smoothed,0.000586304093750138,1.06075
1998-03-20,20,3,1998,0.00254614652867842,1.5025,0.0017437009858658,0.8615,1.49572332356928e-06,0.518993663095096,obs_smoothed,0.000447113040756425,0.8615
1998-03-21,21,3,1998,0.00220750872658024,1.45,0.0015117885398541,1.3215,2.01063796777831e-06,0.509266976184619,obs_smoothed,0.000672996309027974,1.3215
1998-03-22,22,3,1998,0.00233386163971619,1.41,0.00159831996949516,1.11575,1.71668949027314e-06,0.480578382684408,obs_smoothed,0.000536205330480128,1.11575
1998-03-23,23,3,1998,0.000958613056540433,0.96,0.000656495811582766,0.8325,5.53951267860561e-07,0.455880736495809,obs_smoothed,0.000379520713132761,0.8325
1998-03-24,24,3,1998,0.000473989977070345,0.755,0.000324606923049736,0.6605,2.21405020879857e-07,0.443726329428493,obs_smoothed,0.00029308124058752,0.6605
1998-03-25,25,3,1998,0.00024228418024784,0.5325,0.00016592570741682,1.02175,1.45583518949252e-07,1.23144635979373,obs_smoothed,0.00125823031811924,1.02175
1998-03-26,26,3,1998,0.000190791615876285,0.54,0.000130661580137372,1.2735,1.66489513938402e-07,0.930653584644115,obs_smoothed,0.00118518734004428,1.2735
1998-03-27,27,3,1998,5.24795524623672e-05,0.16,3.59400554271806e-05,1.11766666666667,3.89688686822045e-08,0.886948659936643,obs_smoothed,0.000991312952255855,1.11766666666667
1998-03-28,NA,NA,NA,NA,NA,NA,NA,NA,3.5901813246896,obs_smoothed,NA,NA
1998-03-29,NA,NA,NA,NA,NA,NA,NA,NA,2.54787519132449,obs_smoothed,NA,NA
1998-03-30,NA,NA,NA,NA,NA,NA,NA,NA,2.04339627007349,obs_smoothed,NA,NA
1998-03-31,31,3,1998,0,0,0,0.7095,0,2.03788198807017,obs_smoothed,0.00144587727053579,0.7095
1998-04-01,1,4,1998,0,0,0,1.1965,0,2.52876591863383,obs_smoothed,0.00302566842164538,1.1965
1998-04-02,2,4,1998,0,0,0,1.213,0,2.34490246499096,obs_smoothed,0.00284436669003403,1.213
1998-04-03,3,4,1998,0,0,0,1.20675,0,2.25420137120168,obs_smoothed,0.00272025750469763,1.20675
1998-04-04,4,4,1998,0,0,0,1.68725,0,2.15915758649799,obs_smoothed,0.00364303863781873,1.68725
1998-04-05,5,4,1998,0,0,0,1.82975,0,2.00958455114506,obs_smoothed,0.00367703733245767,1.82975
1998-04-06,6,4,1998,0,0,0,1.63625,0,1.92097661044451,obs_smoothed,0.00314319797883983,1.63625
1998-04-07,7,4,1998,0,0,0,1.09825,0,1.85238638767121,obs_smoothed,0.00203438335025991,1.09825
1998-04-08,8,4,1998,0,0,0,0.65325,0,1.67094689867104,obs_smoothed,0.00109154606155686,0.65325
1998-04-09,9,4,1998,0,0,0,0.7645,0,1.54800748026581,obs_smoothed,0.00118345171866321,0.7645
1998-04-10,10,4,1998,0,0,0,0.875,0,1.44316492128012,obs_smoothed,0.00126276930612011,0.875
1998-04-11,11,4,1998,0,0,0,1.2325,0,1.63802429476703,obs_smoothed,0.00201886494330036,1.2325
1998-04-12,12,4,1998,0,0,0,1.08325,0,1.41983230079341,obs_smoothed,0.00153803333983446,1.08325
1998-04-13,13,4,1998,0,0,0,1.85875,0,1.30207501778594,obs_smoothed,0.00242023193930962,1.85875
1998-04-14,14,4,1998,0,0,0,0.89375,0,1.25153301849267,obs_smoothed,0.00111855763527782,0.89375
1998-04-15,15,4,1998,0,0,0,1.2815,0,1.19668844179304,obs_smoothed,0.00153355623815778,1.2815
1998-04-16,16,4,1998,0,0,0,0.94275,0,1.14347529928241,obs_smoothed,0.00107801133839849,0.94275
1998-04-17,17,4,1998,0.000671993059138774,0.7,0.000460207198021497,1.043,4.55759281090347e-07,1.06650519318878,obs_smoothed,0.0011123649164959,1.043
1998-04-18,18,4,1998,0.00144045226954418,1.175,0.000986478199194818,1.28175,1.26678799783583e-06,0.968369500249273,obs_smoothed,0.00124120760694451,1.28175
1998-04-19,19,4,1998,0.0012951579351542,1.125,0.000886974941521731,0.79975,7.08322106154173e-07,0.898397404155267,obs_smoothed,0.000718493323973175,0.79975
1998-04-20,20,4,1998,0.000417833315710712,0.575,0.000286148639257817,1.12325,3.92945373191385e-07,0.849240953664789,obs_smoothed,0.000953909901203974,1.12325
1998-04-21,21,4,1998,1.23998973187817e-06,0.00939,8.49193592586249e-07,0.3945,4.63833905347905e-10,0.764400497208352,obs_smoothed,0.000301555996148695,0.3945
1998-04-22,22,4,1998,1.85040404348632e-07,0.0344225,1.26722924958757e-07,0.346,4.17190838913037e-11,0.721523129714541,obs_smoothed,0.000249647002881231,0.346
1998-04-23,23,4,1998,7.46820947494625e-07,0.05946,5.11452270222458e-07,0.54925,2.8701535955896e-10,0.752685980968118,obs_smoothed,0.000413412775046739,0.54925
1998-04-24,24,4,1998,1.83138997274649e-06,0.0844925,1.25420766833885e-06,0.75775,9.58377830107247e-10,0.72743668570954,obs_smoothed,0.000551215148596404,0.75775
1998-04-25,25,4,1998,3.54187419805796e-06,0.10953,2.42561433971043e-06,0.764,1.81890675310155e-09,0.699454498575791,obs_smoothed,0.000534383236911904,0.764
1998-04-26,26,4,1998,5.96523227560564e-06,0.1345675,4.08522497929096e-06,0.5865,2.37238745397993e-09,0.675367542463162,obs_smoothed,0.000396103063654645,0.5865
1998-04-27,27,4,1998,0.00919649021198762,2.22667,0.00629811712269029,0.46075,2.86617605670544e-06,0.648577321472783,obs_smoothed,0.000298832000868585,0.46075
