"usgs_site","ecoregion_pct","elev_avg_m","elev_median_m","elev_min_m","elev_max_m","slope_avg_deg","slope_median_deg","slope_min_deg","slope_max_deg"
"USGS-06230190",92.6,1849.07857963247,1802,1658,2650,5.39080820754101,4.21997423462939,0,25.6736329525182
"USGS-06244500",98.3,2016.61913329954,1925,1679,3490,5.14437894410468,3.53519925664937,0,38.7450538755204
"USGS-06253000",99.3,1787.92486122533,1698,1442,3490,3.03679847818045,1.79749958990917,0,38.74505387552
"USGS-06258000",100,1897.21392467979,1838,1441,3003,5.37084250213358,2.84445880193133,0,43.543292859621
"USGS-06259000",75.4,2113.40382257406,1890,1410,4202,6.76761502830152,3.63601096545936,0,67.5847845384075
"USGS-06265337",77.8,2213.77724620447,2160,1666,3310,9.71301800539612,8.87248890080745,2.54444374517081e-14,40.7193806534278
"USGS-06268500",100,1486.11209383074,1443,1242,2042,3.51213702019955,2.39551314068156,0,31.1017901321555
"USGS-06268600",81.1,1994.01277403898,1810,1224,4202,6.62479917482034,3.90831526203433,0,67.5847845384075
"USGS-06270000",97.8,1813.4050391375,1707,1343,2762,6.82849506341311,5.57881457771108,0,49.9629678618963
"USGS-06274300",81.1,1955.89019470224,1783,1159,4202,6.57959078920613,4.08934034594512,0,67.5847845384076
"USGS-06279500",79.4,1954.98805575302,1777,1116,4202,6.83836438995212,4.20391770105725,0,67.5847845384076
"USGS-06284500",100,1358.5389485802,1347,1244,1578,1.64993835741508,0.885590227711456,0,24.0664500534672
"USGS-06284800",100,1414.5606470316,1384,1267,1986,4.23065589821114,2.21780153891769,0,30.1404748660267
"USGS-06309200",100,2480.08170984456,2483,2177,2724,6.37051240866233,5.13976704291303,0.131627909703813,25.1278283007699
"USGS-06309500",99.9,2105.86081324868,2139,1487,2777,7.54988003646498,6.27143858509185,0,45.8615958086663
"USGS-06635000",83.6,2239.95800685837,2169,1959,3635,3.40221078772084,2.11710182976306,0,41.3714409503349
"USGS-06639000",94.6,2160.23267072491,2120,1787,3776,4.00524931537594,2.46011611735397,0,61.2605347231436
"USGS-06708750",77.3,2188.43620227729,2134,1862,2863,6.1634948980112,4.22774869017957,0,33.8595089255095
"USGS-06708800",79.7,2158.5274357059,2114,1812,2863,5.95248471803309,4.10344305059081,7.63333123551244e-14,33.8595089255096
"USGS-06712000",100,2161.38711653692,2158,1869,2354,3.00525768943695,2.60190538109918,0,23.2723680125761
"USGS-06713000",80.7,2005.1876923883,2001,1665,2354,2.91381619548687,2.59795184955872,0,23.2723680125767
"USGS-06713300",77.6,1992.93016432664,1988,1630,2354,2.8674092159487,2.56436086419081,0,23.2723680125764
"USGS-06713500",76.6,1988.09767872454,1983,1588,2354,2.85314758490371,2.54096365715821,0,23.2723680125767
"USGS-07103960",100,2206.65496089557,2217,2011,2354,2.98985663580529,2.85836596839754,3.59838685311596e-14,11.038454632596
"USGS-07103965",100,2081.34198542805,2085,1936,2251,2.6972643374611,2.50168180634045,0.251942253498351,7.33118193717685
"USGS-07103977",100,2192.68005223637,2193,2071,2316,2.41281550372922,2.20746547232875,0.252057497748084,6.27370538088641
"USGS-07103980",100,2165.3553129873,2160,2016,2314,2.51355713563369,2.27237970410922,0.251973318247573,9.5775637703727
"USGS-07103985",100,2072.46367956551,2072,2014,2142,2.31284543797079,2.13708199789021,3.59838685311596e-14,7.41319933928458
"USGS-07103987",100,2110.7025258474,2102,1912,2316,2.60622270630915,2.3647712827679,2.54444374517081e-14,9.57756377037238
"USGS-07103990",100,2110.7025258474,2102,1912,2316,2.60622270630915,2.3647712827679,2.54444374517081e-14,9.57756377037238
"USGS-07105600",100,2006.60549746773,2008,1765,2334,1.87665261226357,1.63478381774695,0,11.4961925765658
"USGS-07105900",100,1844.92652719027,1833,1677,2104,2.48515147247243,2.21036763365999,0,17.9085107083547
"USGS-07110400",100,1829.25538048786,1837,1425,2354,1.44741939901598,1.25730146710723,0,19.1077367502524
"USGS-07119500",83.7,1765.87271796543,1727,1308,4120,3.23069332317092,1.65765019131105,0,40.903836090021
"USGS-07120620",100,1701.91248431619,1703,1605,1801,2.42473647047878,1.97522961944163,3.59838685311596e-14,10.6471081411434
"USGS-07121500",100,1483.04418903448,1464,1250,1801,1.65350799288396,1.2708623008033,0,13.3889565854094
"USGS-07122400",100,1365.61884153647,1357,1244,1521,1.08665345841257,0.952841744047971,0,7.40655493991612
"USGS-07123675",100,1528.53133393379,1481,1201,2144,1.14021999277527,0.975659331871885,0,8.13579096566616
"USGS-07126140",100,1707.70105223204,1703,1600,1869,1.14927677913242,0.932615601297407,0,16.9628711928381
"USGS-07126200",100,1682.59128538224,1687,1514,1869,1.3666934542804,1.01496609304702,0,16.9628711928381
"USGS-07126325",100,1625.7007014398,1621,1518,1799,1.92278745348216,1.58491266564645,0,15.992103816707
"USGS-07126390",100,1562.14778176163,1551,1392,1703,2.46148359236294,1.50496281456296,0,28.1850498027131
"USGS-07126415",100,1519.89641224983,1523,1375,1648,4.1830935680814,2.05700663175548,0,29.8430523498541
"USGS-07126470",100,1708.56020250664,1721,1349,2133,3.51553009004185,1.51878700010361,0,33.676799290425
"USGS-07126480",100,1515.2602284622,1519,1340,1660,4.38814073801761,2.33401874431855,0,31.0020533364553
"USGS-07135000",90.5,1380.72292791003,1383,1031,1745,1.56846160754648,1.38048069202638,0,17.6129604654993
"USGS-07222500",100,1727.16024855199,1639,1336,2128,3.49765182140514,1.98334218838035,0,35.8163475170589
"USGS-07226500",76,1614.82314360112,1630,1159,2532,2.34830099456164,1.41178635689051,0,28.3038479557043
"USGS-07227100",100,1305.27975581875,1294,1117,1683,2.29875751312557,1.3211601741286,0,39.6922561083965
"USGS-07297910",100,1210.01455684204,1212,752,1517,1.26933699871643,0.849724990023859,0,31.9605571002828
"USGS-07299512",100,598.337799043062,593,525,734,1.76244730740421,1.54902890227332,0,8.0557229907064
"USGS-07307800",100,735.556894668,707,458,1037,1.83902115224444,1.48138652502157,0,18.9285549765406
"USGS-07311783",100,603.21228528982,597,482,771,2.09412213282025,1.86293741118772,0,12.4372698915794
"USGS-07311800",100,551.466158723917,543,409,771,2.07024490501785,1.70943888898177,0,17.7930423155424
"USGS-08079575",100,1096.88268506074,1109,736,1365,0.9222419870763,0.740336877940008,0,15.0161959820002
"USGS-08079600",100,834.116101124797,872,678,949,1.55220989215258,0.871585363994541,0,25.0629272944334
"USGS-08082000",100,899.316122605302,916,486,1449,1.40663648590838,1.01460321135371,0,21.2847323083346
"USGS-08117995",100,826.15951958965,824,686,948,1.21745994707552,0.96067239187125,0,15.7059589892725
"USGS-08119500",100,794.674814673937,783,650,948,1.29358016973352,1.01448255091193,0,17.1717219129526
"USGS-08120500",100,753.157493216584,745,661,869,1.12013119384834,1.01092386719279,0,6.17696433538383
"USGS-08120700",100,776.678496103275,764,634,948,1.24264869453598,1.00964443246962,0,17.1717219129526
"USGS-08121000",100,773.241778917273,761,622,948,1.24362406035496,1.00994154131186,0,17.1717219129526
"USGS-08317200",80.6,2113.75395586994,2004,1679,3747,4.9224475155028,2.27073870590865,0,39.5348358727453
"USGS-08317950",87.2,2025.686662372,1995,1660,3210,4.07500979108261,2.82650623004008,0,34.583758319731
"USGS-08329900",100,1891.12658264523,1749,1526,3244,7.02175057796305,2.45148030536637,2.54444374517081e-14,53.9518993131472
"USGS-083299375",100,1726.39319102524,1761,1505,1878,1.68894044656222,1.3661594545439,0,15.8164177018262
"USGS-08330505",100,2117.42249732638,2117,1602,2962,8.51348983523551,7.02543958516798,7.63333123551244e-14,46.7728828913455
"USGS-08330600",100,2016.009794099,2051,1508,2962,8.17444928513584,6.32021614222772,0,46.7728828913452
"USGS-08340500",100,2116.25970629258,2073,1800,3268,3.55613021602703,2.48257972105627,0,41.9693506472764
"USGS-08343000",100,2280.89354149825,2245,1957,3437,4.67980089240144,3.12456368082935,0,38.8562571536816
"USGS-08343500",100,2255.32420798308,2225,1904,3437,4.61325427663862,3.03107595629916,0,40.2152706725454
"USGS-08349800",100,2277.12048944338,2358,1747,3260,5.65019729190051,3.6165881704312,0,36.3966872541172
"USGS-08353000",97,2048.3563369321,2035,1433,3437,4.18514792962713,2.56988732851803,0,49.880281899492
"USGS-08354800",100,2034.82129011757,2042,1414,3035,5.06700216766548,3.40019616577741,0,46.1103741419385
"USGS-08358300",100,1737.09727947238,1680,1358,3270,6.60870309104017,3.2881815044863,0,43.7327566204092
"USGS-08382500",78.6,1996.1407081951,1997,1509,3547,5.57018792550699,2.70753911129598,0,60.7441577024757
"USGS-08383500",78.2,1942.13411424171,1882,1312,3974,4.69267087636081,2.48563406944278,0,60.7441577024757
"USGS-08384500",80.5,1889.73055142242,1820,1256,3974,4.41371021182312,2.31850566246535,0,60.7441577024758
"USGS-08385500",82.4,1844.48941834917,1763,1193,3974,4.15532973301533,2.18533007275254,0,60.7441577024758
"USGS-08385522",85,1774.70935843491,1653,1188,3974,3.74605475806252,1.97637356927798,0,60.7441577024758
"USGS-08385630",86.6,1729.23380889582,1598,1142,3974,3.50427754265593,1.86446063589589,0,60.7441577024758
"USGS-08385643",88.2,1678.40487042603,1548,1110,3974,3.26748899919647,1.76131117755521,0,60.7441577024758
"USGS-08386000",91.6,1655.51974288915,1555,1074,3974,3.1087920012002,1.83331407155844,0,60.7441577024758
"USGS-08386505",100,2817.11076674303,2810,2092,3629,17.9999248782671,18.4995389610165,0.40073001072058,37.3317918955174
"USGS-08387000",100,2388.92988387153,2332,1927,3629,11.3041497578414,10.3616761729107,2.54444374517081e-14,37.3317918955167
"USGS-08387550",100,2704.42013552759,2671,2337,3282,20.7508420502083,21.6731487487818,0.7552643719354,34.356429124346
"USGS-08387575",100,2609.07775768535,2566.5,2337,3193,17.2798497670689,16.9631366430473,0.873731805246352,31.7697196142879
"USGS-08387600",100,2588.08438538206,2551,2221,3282,16.9500757145492,16.5254638160594,0.155449281049093,34.356429124346
"USGS-08389055",100,2302.73898586866,2197,1817,3435,11.9695024379299,10.1256065965832,7.63333123551244e-14,36.5141151031128
"USGS-08390020",100,2174.55328639809,2118,1568,3629,9.94384728987844,8.25551272802666,2.54444374517081e-14,37.331791895517
"USGS-08390500",100,2036.31782146982,2010,1277,3629,8.59644864500017,6.78088115046867,0,37.331791895517
"USGS-08390800",100,2019.79211839127,2004,1198,3629,8.45443481711897,6.63497942772253,0,37.331791895517
"USGS-08393610",100,1902.12311636175,1950,1068,3629,7.43958868914669,5.50622440319056,0,37.331791895517
"USGS-08394024",93,1652.49185608366,1558,1045,3974,3.46570887364296,1.92050539911112,0,60.7441577024758
"USGS-08394033",93,1650.61530367956,1556,1039,3974,3.45735309771209,1.91659995942692,0,60.7441577024758
"USGS-08395500",93.9,1620.8382113042,1526,1018,3974,3.40817774364464,1.87450321816216,0,60.7441577024758
"USGS-08396500",94.2,1602.95332696611,1508,1006,3974,3.33437930633354,1.83489329138117,0,60.7441577024758
"USGS-08397600",100,2302.72782159575,2320,1597,2953,10.1602223628717,9.57845740279806,0,35.962969027497
"USGS-08397620",100,2246.29604906624,2264,1471,2953,9.65235612372297,8.95843325056635,0,35.962969027497
"USGS-08398500",100,2012.37443574947,2028,1001,2953,7.56825795978398,6.2765039029039,0,35.9629690274972
"USGS-08399500",100,1031.0675990676,1032,997,1073,1.48044964348046,1.39876900685535,0.120163123212353,3.74487386280828
"USGS-08400000",100,1478.305609269,1499,996,2100,3.5121204768814,2.66517666753006,0,27.4570012457288
"USGS-08401500",94.9,1612.78248244454,1517,977,3974,3.56970523987765,1.94383458932487,0,60.7441577024758
"USGS-08401900",100,1435.62994090611,1362,976,1941,4.17425728389752,3.07296291415547,0,37.4596816651192
"USGS-08402000",95,1608.93147229684,1514,967,3974,3.57777901794493,1.95078636184508,0,60.7441577024758
"USGS-08404000",95.1,1605.86312443192,1511,945,3974,3.56600716446833,1.94543954043479,0,60.7441577024758
"USGS-08405105",100,1509.3423532295,1428,1012,2200,6.08495975546008,4.25494152114605,0,40.298800994337
"USGS-08405150",100,1398.7069452252,1305,939,2200,5.32502942490621,3.71233147862073,0,40.2988009943369
"USGS-08405200",95.2,1599.60300582088,1505,933,3974,3.60598747340179,1.97249972618573,0,60.7441577024758
"USGS-08405400",100,1370.73247509508,1252,942,2623,6.79571542408776,2.25801778450384,0,57.8630513233211
"USGS-08405450",100,1023.14803312629,1021,986,1067,1.25643715259885,1.19755941750226,0,3.51553067056451
"USGS-08405500",100,1362.69241164086,1244,936,2623,6.68532817847037,2.20933269349904,0,57.8630513233212
"USGS-08406000",100,1342.7886501801,1226,891,2623,6.43429522412616,2.1152693740461,0,57.8630513233211
"USGS-08406500",95.4,1586.23038554967,1492,879,3974,3.6338514150135,1.9490789022278,0,60.7441577024758
"USGS-08407000",95.4,1585.07135265892,1491,875,3974,3.63036242092822,1.94808891520714,0,60.7441577024758
"USGS-08407500",95.4,1575.16266424419,1482,867,3974,3.59362025940781,1.93324759196832,0,60.7441577024758
"USGS-08408500",100,1271.84713519061,1245,868,2636,3.17771513238047,2.19154872346748,0,48.6576269886502
"USGS-08477110",100,2281.96199518002,2221,1795,3100,12.4795865561809,11.9283277590317,5.08888749034163e-14,39.2871198493604
"USGS-08480595",100,1662.76161440386,1639,1217,3008,4.68813910091048,2.0770975150982,0,56.6536110719255
"USGS-08481500",100,2297.80147028793,2347,1593,2756,11.5049736454783,10.5595157379419,5.68954917912609e-14,34.2306497996032
"USGS-09095000",100,2330.04984741388,2427,1638,2763,17.475733368848,14.2517139397036,2.54444374517081e-14,57.6463678576329
"USGS-09095300",100,2146.85590993405,2151,1638,2638,16.8832181674189,15.2010351805098,0.155449281049093,47.2999943410633
"USGS-09106200",100,1547.16582491582,1524,1407,2068,5.56767377160252,2.90296220492708,2.84477458956305e-14,47.3999265660377
"USGS-09152520",100,1477.60116618076,1469,1428,1586,2.65558988957206,1.8752517253308,2.84477458956305e-14,12.9679973750808
"USGS-09152900",100,1592.03257427236,1506,1370,2286,5.41020514653746,2.21970835648196,0,48.023111531769
"USGS-09153270",100,1833.57699446168,1846,1362,2699,10.9619331962738,8.47155409535149,0,49.7208061863126
"USGS-09153290",100,1430.15901191658,1420,1367,1524,1.33454469935083,1.10608363728584,0,6.30857151101336
"USGS-09153300",100,1425.4347826087,1417,1363,1524,1.36097596379837,1.10743395887014,0,8.49714047178828
"USGS-09153400",100,1994.5288493241,2026,1438,2702,16.3240367494581,16.6564386364328,2.54444374517081e-14,44.2026638790629
"USGS-09163310",100,1926.92606658754,1941,1365,2732,14.4332357185402,14.9734520750178,0,46.8980010859533
"USGS-09163490",100,1882.71065072949,1898,1345,2732,13.3421531529578,13.0122594361496,0,46.8980010859536
"USGS-09163492",100,1882.71065072949,1898,1345,2732,13.3421531529578,13.0122594361496,0,46.8980010859536
"USGS-09183000",100,1468.47288162239,1455,1210,1853,5.33579055453464,3.44597409018862,0,47.9352571148842
"USGS-09184000",75.4,2119.61614356188,2081,1228,3849,11.9733460007941,9.31694724719774,0,48.7318294847283
"USGS-09187550",81.8,2110.9213969474,2061,1491,3407,13.8666638448258,11.624621297382,2.54444374517081e-14,55.5178495284999
"USGS-09215550",90.3,2260.44391758507,2181,1990,3990,3.60336017911237,1.97859888711633,0,66.4428715810374
"USGS-09216050",92.7,2211.73148921455,2153,1935,3990,3.13997520673388,1.7127568098712,0,66.4428715810374
"USGS-09217000",80.6,2282.68155319616,2181,1850,4202,4.99182705936471,2.66481182827186,0,68.5435820470955
"USGS-09224700",80.7,2260.89249153429,2147,1872,4008,4.54424118126876,2.67298680998039,0,59.8346794459446
"USGS-09234500",79.8,2272.39777948034,2169,1716,4202,5.0748611685487,2.85867471391899,0,68.5435820470955
"USGS-09235100",82.9,2348.18268317943,2344,1639,2948,10.6291555792577,8.945375558944,0,42.9664571320689
"USGS-09235490",100,2162.87880595726,2142,1718,2938,4.43455548187011,2.80333012224422,0,36.3551545943697
"USGS-09250507",100,2332.40801830002,2375,1929,2651,13.9226271925002,14.0783550144427,0.127528709064005,32.0813517500561
"USGS-09250510",100,2224.68996062992,2210.5,1928,2573,10.7503223558955,9.64612860296686,0.508226830701273,31.4800536946572
"USGS-09250600",100,2266.57914189298,2295,1894,2651,11.955964464729,11.4631114065788,0.127528709064005,32.0813517500563
"USGS-09258980",89,2126.28637256718,2096,1908,2579,3.64739534224205,2.38354559731224,0,33.5350469335852
"USGS-09259990",100,2000.68067391821,1979,1763,2477,3.67189216448309,2.95793258853065,0,24.5835803814822
"USGS-09288900",100,2487.43545926152,2492,2065,2882,17.9743114035564,17.6486609352067,0.155449281049068,39.9784438335376
"USGS-09306007",96.2,2333.13202482567,2321,1945,2997,12.8901351602524,12.0186723663758,2.54444374517081e-14,37.4703377175846
"USGS-09306022",100,2326.53031587275,2343,1968,2593,12.8570413849085,12.0208804484599,0.126856760352999,35.5913316903217
"USGS-09306042",100,2033.19628099174,2037,1926,2096,6.31604431287665,6.00868350554607,1.11015041698276,17.1896509177347
"USGS-09306058",100,2284.03187332922,2288,1906,2634,11.9977437716593,11.118063614678,0.253809713507489,33.626471471075
"USGS-09306061",97.8,2305.0328906014,2303,1895,2997,12.3401149318715,11.4237326347228,2.54444374517081e-14,37.4703377175855
"USGS-09306200",98.7,2265.99237693699,2267,1851,2997,11.1240728344988,10.027219982644,0,37.4703377175855
"USGS-09306222",99,2228.72086345452,2230,1740,2997,10.6273819105788,9.48229727303141,0,38.2879997581901
"USGS-09306235",100,2341.67872544322,2335.5,2064,2628,10.7743952810373,10.298896462349,0.253904062177442,28.765423740569
"USGS-09306242",100,2284.36777850447,2271,1954,2643,9.61288543115721,8.96457100504286,0.127052327924601,28.7654237405684
"USGS-09306255",100,2099.69454880896,2052,1686,2658,7.51721085973596,6.34734181056679,0,40.2646821423412
"USGS-09306380",100,2118.59315548626,2068,1593,2765,12.4879611727211,11.6534165391944,2.54444374517081e-14,57.183194039939
"USGS-09306500",82.3,2182.52665538273,2098,1513,3654,9.84039620921955,8.20790393816212,0,60.4932394639643
"USGS-09306800",100,2176.92849073311,2180,1690,2681,10.729066757515,8.1228507571281,0,45.4314348725981
"USGS-09307300",100,1776.69978081917,1717,1419,2459,3.35794575028264,2.6566725408785,0,26.5578350703682
"USGS-09314280",100,1814.96084546522,1752,1595,2975,3.13108785012211,1.72635073838704,0,40.0862805063741
"USGS-09315000",76.6,2208.88356134321,2141,1235,4202,7.27681023524512,4.59702692201603,0,68.5624036225068
"USGS-09327000",90,2105.10412573674,2008,1856,2639,14.8961655371767,8.16168784875451,0.252346152171393,50.9044309803533
"USGS-09328910",82.3,1958.46962857067,1822,1221,3435,7.60123906263994,3.88782189824933,0,63.6202583319134
"USGS-09328920",77.5,2176.08795147334,2123,1166,4202,7.2570262657944,4.49816824327814,0,68.5624036225068
"USGS-09357245",100,2014.64492213549,2020,1866,2268,2.03522639410357,1.8153391685221,2.54444374517081e-14,30.1786051343756
"USGS-09357255",100,1899.75729133202,1900,1628,2268,1.85630657029645,1.63198117449511,0,30.1786051343763
"USGS-09362550",100,2138.87914023961,2117,1940,2458,6.13288389595006,4.54266164536038,0.372537091291471,24.9294058012551
"USGS-09363100",100,2061.68522365323,2048,1957,2217,2.84298326574078,2.50096408358836,3.59838685311596e-14,12.0567520879017
"USGS-09366500",82.2,2319.92820637421,2211,1811,3985,7.37638095965817,3.776017518649,0,45.4094454375008
"USGS-09367000",83.2,2297.75417702675,2189,1751,3985,7.21810269465959,3.77960044306264,2.54444374517081e-14,45.4094454375008
"USGS-09367500",90.2,2128.0911842141,2060,1591,3985,6.05784803998743,3.45338670053338,0,45.4094454375009
"USGS-09367536",100,1800.00117209834,1804,1565,1996,1.36651598739143,1.19417709598574,0,16.5148918777243
"USGS-09367680",100,2050.56330968036,2047,1875,2282,2.68837853820223,1.87056753596726,0,34.2128582227083
"USGS-09367950",100,1929.16145515295,1914,1510,2857,2.82955495723044,1.77251179751881,0,40.6363995813799
"USGS-09371000",83.9,2204.73653768551,2118,1524,3995,10.7237007926728,7.95838386216398,0,49.2445936316428
"USGS-09371002",100,1943.8390586449,1860,1709,3030,6.86275527859113,3.45461196624086,0.124183911426851,47.982646843668
"USGS-09371400",100,1958.09200060033,1930,1800,2194,2.76626488074217,2.18565854245121,0,19.0050157828061
"USGS-09371492",100,1933.43083900227,1867,1745,3033,5.60973099222128,2.81022491049216,2.54444374517081e-14,45.3499443998927
"USGS-09371500",98.7,1994.55863426109,1970,1740,3033,4.27281084076663,2.46840284530198,0,46.2696777519291
"USGS-09371520",98.7,1990.93196131477,1967,1711,3033,4.419084526406,2.54254555523365,0,46.2696777519293
"USGS-09372000",99.1,1954.02875358575,1948,1478,3033,6.03135030320824,3.24902150074893,0,46.2696777519298
"USGS-09372200",99.6,1886.28697414549,1915,1362,3033,5.76471752206473,3.32994995125887,0,46.2696777519296
"USGS-09378600",95.2,1939.71398231525,2009,1375,3457,4.99242580435296,2.94417381163974,0,42.2567613397087
"USGS-09378700",94.4,2077.69697312233,2044,1560,3352,11.1895797413295,8.77490516562501,2.54444374517081e-14,58.7396128279541
"USGS-09379025",100,2311.98312364621,2277,1683,2983,7.14843800818845,3.96162129049335,0,71.9962722226053
"USGS-09379250",100,1880.4297889297,1804,1290,2983,4.54913721911601,2.23659823659009,0,71.9962722226053
"USGS-09379500",80.6,2022.51274669952,1953,1233,4239,6.04321207957154,3.02996468502663,0,71.9962722226053
"USGS-09381800",98.7,1934.52130523036,1910,1325,3143,9.64945521436176,7.3590759360432,0,53.9441910682323
"USGS-09382000",99.3,1873.92963856155,1872,949,3143,7.77057879669756,4.99765128269204,0,66.4001361593463
"USGS-09383400",100,2881.53409701092,2848,2521,3470,8.84041485904032,7.02365075120583,0.121174773849925,37.879586795965
"USGS-09386030",100,2279.85642900051,2226,1695,3470,4.5347278090475,2.77607410216297,0,37.8795867959649
"USGS-09386900",100,2422.53331121189,2429,2081,2652,3.99199048780626,3.17899490975492,0,28.4925380372365
"USGS-09386950",100,2245.21761905249,2215,1974,2777,4.20111257915774,3.17796396832694,0,44.1550373398588
"USGS-09394500",100,2074.31936535598,2074,1563,3470,3.20807798958082,2.1526392636498,0,50.9908142892646
"USGS-09395350",100,2255.5763399467,2249,2053,2627,4.90804109341159,3.52690791739799,2.54444374517081e-14,30.6619800582379
"USGS-09395381",100,2277.7335710647,2274,2181,2422,3.05361272544012,2.58708961762917,0.122462871616207,9.72373613822725
"USGS-09395390",100,2304.1638548648,2309,2090,2537,6.27411852399975,5.73444662828222,0.155449281049093,21.7841639287878
"USGS-09395630",100,2166.28386032839,2152,1909,2659,4.54895329738411,3.40413972959757,0,39.2191163277629
"USGS-09395990",100,2231.96027236615,2224,1807,2814,4.70070379505298,3.10018291384974,0,46.4824737457314
"USGS-09396100",100,2135.9179259331,2133,1736,2814,4.28144014547141,3.00841055107538,0,46.4824737457312
"USGS-09397300",100,2037.38843429201,2044,1522,3470,3.19264857051382,2.14994444974439,0,50.9908142892646
"USGS-09400350",100,2006.32117227678,2008,1468,3470,3.16975618415217,2.11681878898069,0,50.9908142892646
"USGS-09400562",100,1914.70846675396,1884,1528,2460,4.82501628971883,3.11521240268192,0,34.2572152266381
"USGS-09400568",100,1958.62040595211,1952,1579,2447,3.95721790575195,2.2921858383271,0,31.006945169571
"USGS-09401000",100,1967.68272093873,1964,1400,3742,3.14202981051029,2.04226754769328,0,50.9908142892646
"USGS-09401110",100,1933.79648728808,1923,1578,2338,3.27754867020005,2.65335410311944,0,30.5698483740901
"USGS-09401260",100,1868.21122585132,1849,1406,2491,4.52980154407328,3.17087961291265,0,42.1114096854487
"USGS-09402000",100,1930.34517515875,1930,1243,3825,3.2082181412931,2.06424283084767,0,50.9908142892646
"USGS-09402300",100,1926.50125385739,1925,833,3825,3.28446546413288,2.08619135380672,0,68.0385143533683
"USGS-09402450",100,1500.18490566038,1515,1191,1985,29.755743827729,30.5515649288882,6.21970114354893,48.8893409026301
"USGS-09403000",100,2244.00388709172,2505,757,2804,17.4473501768246,10.6783531647552,5.08888749034163e-14,61.9584818755638
"USGS-09403013",100,1685.1677852349,1652.5,1149,2161,34.8286809822003,36.2413444789196,2.66647980360604,59.4118147210094
"USGS-09403043",100,1773.03043388855,1969,732,2110,16.401582719037,7.65421453345612,5.68954917912609e-14,63.6209549165207
"USGS-09403600",86.7,1997.00255761325,1978,1543,2841,7.4468493541257,4.77323526454426,0,52.162438792569
"USGS-09403850",98.9,1796.56500269117,1727,616,2873,5.85049930180186,3.18307308248664,0,63.2423537854837
"USGS-09404110",100,1867.91837635852,1838,988,3158,3.25598407618277,1.82115674617957,0,61.1451257426751
"USGS-09404115",100,1850.49240139238,1824,581,3158,3.60283974597799,1.87051640054866,0,61.1451257426752
"USGS-09404208",100,1505.71345439855,1514,415,2255,11.736249463373,8.43879450128188,0,65.7415750799299
"USGS-09404222",100,1460.27264821889,1484,481,2023,8.74347963004433,5.39324773776685,0,71.9512880216522
"USGS-09404343",100,1549.08845073569,1568,1152,2022,4.75324801446048,3.06921787867822,0,40.0009828376184
"USGS-09404900",92,1937.16236607325,1899,1191,2737,11.6719253757739,9.5699938781,2.54444374517081e-14,62.4509788764297
"USGS-09405900",92.8,1829.79709794438,1793,1127,2708,13.4339114442068,9.977063945653,0.12419056420832,63.643596673117
"USGS-09406000",82.9,1971.33312685757,1950,1070,3239,12.6338526769114,9.84636762647192,0,71.6206771610127
"USGS-09406100",83.5,1945.99450327911,1933,916,3239,12.4467426392787,9.6429517190516,0,71.6206771610127
"USGS-09406150",81.8,1867.6813200848,1886,916,2954,16.7738442558176,14.5447447361864,7.63333123551244e-14,65.5865209376501
"USGS-09408135",79.1,1875.69104223934,1860,849,3239,12.2111773269567,9.49568311797714,0,71.6206771610126
"USGS-09408150",76.7,1839.62527224656,1831,815,3239,12.1138767487196,9.39724996687411,0,71.6206771610126
"USGS-09408195",100,1552.34246603152,1545,844,2448,4.01603282716305,2.02394898828409,0,63.0302514738122
"USGS-09408500",100,2163.6932136848,2172,1956,2304,10.0540132942622,8.67521337181162,0.194263006380121,28.5363860410774
"USGS-09409880",75.1,1899.12191737992,1827,1108,3157,11.399084360963,9.86445222001853,0,54.596018501492
"USGS-09410100",82.2,1747.14471975083,1661,986,3157,10.7158239410842,8.9185969156501,0,54.596018501492
"USGS-09413000",85,1604.29734843855,1528,777,3157,9.97431375102095,7.65971713178036,0,60.8660535937442
"USGS-09413200",88.5,1653.97514815886,1599,764,3239,8.16841194848557,4.74596622252666,0,71.6206771610127
"USGS-09413500",88.9,1635.31541337369,1589,739,3239,8.11174424537553,4.7329445637531,0,71.6206771610127
"USGS-09413700",89.4,1624.20255799116,1583,607,3239,8.32918052146119,4.98245046262698,0,71.6206771610127
"USGS-09413900",100,1816.48049434842,1836,1438,2254,9.41317640148151,7.64511253006845,3.59838685311596e-14,45.3672922795223
"USGS-09414900",100,1360.96933887372,1328,547,2325,8.75866497824159,6.97890293894934,0,45.3672922795222
"USGS-09415000",90.9,1579.03008712897,1559,534,3239,8.4187074484758,5.27529393826553,0,71.6206771610127
"USGS-09415190",92.3,1488.14739452097,1515,423,3239,8.09511363708804,4.85240120930969,0,71.6206771610126
"USGS-09415250",92.6,1457.01334695013,1499,372,3239,7.96260067846169,4.72531554342455,0,71.6206771610126
"USGS-09415850",100,1582.22038274009,1615,588,3470,6.71602605324066,3.65959659015189,0,57.4389143199149
"USGS-09415900",100,1574.24669890512,1612,529,3470,6.71641710519007,3.67723544511119,0,57.4389143199149
"USGS-09415910",100,781.673971861472,782,548,1087,9.57238293389829,8.63442719261042,0.400343452214889,29.9908041782499
"USGS-09416000",100,1565.44272889128,1610,486,3470,6.70645152053942,3.67739068190457,0,57.4389143199149
"USGS-09418500",100,1858.56462053535,1827,1281,2845,5.80132896543541,3.90253244161876,0,44.4813406730148
"USGS-09418700",100,1690.70500690755,1765,544,2845,7.13543863223127,4.84021533478509,0,56.328528265233
"USGS-09419507",100,1532.0526032624,1626,381,3470,6.65618025731756,3.92794170016015,0,60.459533444523
"USGS-09419515",100,1527.46228179369,1624,370,3470,6.64639211887157,3.92270250790019,0,60.459533444523
"USGS-09419625",100,1388.31386861314,1262,891,2216,11.8211859562712,5.8972172610128,0.485549658986615,40.8556960210861
"USGS-09419648",100,1138.84760551147,1065,655,2106,8.48579893236422,4.48962095262672,0,47.870403438529
"USGS-094196781",100,1102.91867386573,1062,522,2579,7.87619924103923,2.89772732640333,0,63.0878231604451
"USGS-094196783",100,1323.98279131035,1174,521,3615,7.6740694898686,3.64694703663465,0,63.0878231604448
"USGS-094196784",100,1287.56274696676,1145,513,3615,7.51594252357535,3.50748236112776,0,63.087823160445
"USGS-09419679",100,1274.91118989598,1131,488,3615,7.40180645965664,3.40779941555706,0,63.087823160445
"USGS-09419698",100,1271.78622133674,1127,478,3615,7.3994780269859,3.39809307962308,0,63.087823160445
"USGS-09419700",100,1186.73485511581,1020,464,3615,6.78823285300765,3.10069633337755,0,63.087823160445
"USGS-09419747",100,1186.42437015341,1020,460,3615,6.78587202070602,3.099334856025,0,63.087823160445
"USGS-09419753",100,1177.44336840106,1010,438,3615,6.74839184420502,3.08006286895999,0,63.0878231604448
"USGS-09419756",100,1176.08906857576,1008,432,3615,6.7463005299514,3.08386048244005,0,63.0878231604448
"USGS-09419790",100,1173.69212661288,1006,404,3615,6.74529494519353,3.09945195820611,0,63.0878231604448
"USGS-09419800",100,1170.06910992842,1003,382,3615,6.74719746301274,3.11847834413658,0,63.0878231604448
"USGS-09426620",100,1112.6264631421,1121,155,2533,7.12518009828553,4.93575740396852,0,56.9790914674475
"USGS-09430030",100,2325.48728543836,2326,1678,3329,7.94624348501194,5.86601569054964,0,48.6805196765234
"USGS-09430500",100,2276.34291104145,2297,1415,3329,9.17150062592092,6.89469878666697,0,51.0422102816592
"USGS-09430600",100,2382.61845689465,2386,1655,3275,21.6784920945139,22.2504870847526,0.120577953698816,50.1909720673421
"USGS-09431500",100,2106.5213556805,2183,1254,3329,9.18976646715091,6.87527552436607,0,51.0422102816593
"USGS-09432000",100,2042.32427407419,2103,1183,3329,8.90774225461587,6.63588910668632,0,51.042210281659
"USGS-09442000",100,1902.83786601982,1917,1023,3329,8.35099397203163,6.05090594920573,0,56.4354747635362
"USGS-09442680",100,2378.71618802755,2368,1749,3291,8.39477668539492,6.57083440653783,0,53.7803385675811
"USGS-09444000",100,2211.54702354785,2249,1392,3329,9.91009909879634,8.05625913210213,0,53.7803385675809
"USGS-09444200",100,2096.1526650261,2101,1268,2889,13.7102843503089,12.7686067742974,5.68954917912609e-14,48.1206160727577
"USGS-09444500",100,2082.51696011527,2110,1043,3329,11.3282545632632,9.59787242597044,0,54.3217760732056
"USGS-09448500",100,1933.9646513163,1926,934,3329,9.67598315615945,7.58796259084945,0,56.4354747635364
"USGS-09466500",100,1746.72880446143,1724,766,3329,8.62051746987701,6.16357272007956,0,57.6773311610394
"USGS-09468500",100,1355.72474021073,1354,775,2297,7.9778882422626,5.81807773219675,0,49.6866776175237
"USGS-09470500",100,1529.1388342016,1498,1278,2817,4.13087140769586,2.29124668793551,0,50.3887655251443
"USGS-09471000",100,1504.58083063788,1465,1210,2871,4.35586528482366,2.01292417389788,0,50.3887655251442
"USGS-09471400",100,1528.33681601666,1501,1207,2548,5.00591303873213,2.55361691381884,0,43.5123905299909
"USGS-09471550",100,1493.17574493062,1462,1157,2871,4.30866321334484,2.09117533743684,0,50.3887655251441
"USGS-09474000",100,1582.58887312471,1485,398,3329,8.02298998381746,5.34580230939805,0,57.9372515982471
"USGS-09480000",100,1552.105409798,1541,1405,1960,3.52078842989264,2.59900020599451,0,30.667457957343
"USGS-09480500",100,1489.45263892826,1487,1133,2643,6.86212466982447,4.59718083514996,0,38.6984073166657
"USGS-09481000",100,1306.1411537222,1296,1141,1670,5.90743887330732,4.79491161398673,0.119107651357737,27.5323358946732
"USGS-09481740",100,1409.16668299716,1403,972,2839,7.83113229722351,5.58695449273713,0,47.1486561620054
"USGS-09484000",100,1841.94955671049,1915,806,2788,19.9986468137167,19.6885332667855,0.119949866404326,51.394665738679
"USGS-09484500",100,1333.41267646356,1252,745,2788,11.1931339173862,9.5293703275828,0,51.3946657386789
"USGS-09485000",100,1503.96264994547,1427,938,2639,12.360061937736,12.0518067658192,1.27222187258541e-14,45.9148383133899
"USGS-09485450",100,1350.74810499425,1364,768,2814,5.95885422367489,3.46678669095723,0,45.914838313391
"USGS-09485700",100,1323.76622915587,1323,714,2814,7.36297522817309,3.9967804153806,0,51.3946657386783
"USGS-09486500",100,1244.29815208079,1223,622,2839,6.49622627804896,3.50370818494588,0,57.7662019466574
"USGS-09498400",100,1263.97811638591,1200,777,2385,10.2262140216625,8.77470918434324,0,40.4624542727861
"USGS-09498500",100,1891.1857055264,1843,662,3470,9.26013135334438,7.58717729582956,0,64.1936763941827
"USGS-09498502",100,1287.76998582752,1284,867,2036,13.6877823721165,13.1880331640359,0,41.4843659924902
"USGS-09499000",100,1551.72236896927,1576,773,2429,11.1212815857886,9.32830042575235,0,52.6450507686931
"USGS-09502000",100,1694.61529504808,1712,417,3470,10.071199497136,8.31336559284192,0,64.1936763941826
"USGS-09502960",100,1811.32896983495,1796,1600,2161,6.45116552368511,5.6169882301909,2.54444374517081e-14,28.425770801105
"USGS-09503000",100,1795.70203534741,1777,1573,2161,6.90882158944658,6.06059913927782,5.68954917912609e-14,28.4257708011061
"USGS-09503700",100,1650.76405693528,1628,1255,2674,4.22389488954773,2.75416735273247,0,45.0463497133671
"USGS-09504000",100,1714.87342481995,1662,1070,3825,4.85108224578737,3.03714741099247,0,52.8798093142049
"USGS-09504430",100,2057.07145400866,2102,1275,2593,7.40114481310314,4.60863164025802,0,58.3110618272667
"USGS-09505800",100,2026.64793757711,2083,1102,2590,5.87901877432032,3.49336937790645,0,52.4940684324759
"USGS-09506000",100,1698.82827627767,1670,882,3825,5.66685995273107,3.4941811342718,0,59.2149274470923
"USGS-09507980",100,1601.30412961242,1608,782,2457,10.0730341600963,7.69804632576161,3.59838685311596e-14,46.1181774338107
"USGS-09508300",100,1471.53709260939,1522,667,2263,15.546374665561,14.9810661115025,0.155449281049017,46.7550240601375
"USGS-09508500",100,1655.19147149877,1637,616,3825,6.61796508752669,4.06160140932678,0,59.2149274470924
"USGS-09510000",100,1621.40647980218,1616,480,3825,6.96084004997551,4.29276874425865,0,59.2149274470924
"USGS-09512162",100,421.899970339611,421,349,756,1.71931552653904,0.836603966467746,0,32.4969750016461
"USGS-09512500",100,1506.42243468768,1482,1044,2405,7.13889809672491,5.35469837109258,0,37.0190803998467
"USGS-09512800",100,1381.35491433989,1387,539,2422,8.83924188951705,6.90630580097284,0,43.7809320607114
"USGS-09512830",100,1225.93517028694,1177,515,2180,14.9768822941049,14.8421642738793,3.59838685311596e-14,36.0811441299686
"USGS-09512860",100,1207.64571555753,1164,545,2186,14.1433464653439,13.92551169208,0.121213737062053,36.9671235402017
"USGS-09512970",100,690.935138032699,661,512,1078,9.53379170847607,7.51354281331517,0,36.1850425216752
"USGS-09515500",100,1382.02658282121,1331,686,2422,10.4479995192443,9.43255960126567,0,37.8122940344319
"USGS-09517000",100,807.548785398135,703.5,251,2422,4.88061308154957,1.92414922416371,0,41.0323948910085
"USGS-09530000",100,53.0316110060912,40,32,279,1.67105481470271,0.721320305350306,0,27.0139601165081
"USGS-10027000",99.2,2190.64986559783,2189,1924,2697,7.64728325801414,6.79579119789705,0,48.0800198970052
"USGS-10028500",76.8,2248.5305500381,2171,1886,3858,6.49376470527934,5.08148437768227,0,55.6420351207408
"USGS-10125500",100,1720.73926377201,1712,1329,2812,9.20960708929533,7.46498144786577,0,43.175893611747
"USGS-10125600",100,1645.39559907996,1635,1265,2812,8.69584150360232,6.69128977401659,0,45.4006210429591
"USGS-10126180",100,1313.67918258847,1299,1288,1611,2.12705008325213,0.51630525146935,0,27.0677269390566
"USGS-10166430",100,2311.7966982853,2234,1720,3220,19.2950502596556,18.7531994225927,0.371002992676415,48.3501149694799
"USGS-10167170",100,2177.04118201823,2169,1718,2829,18.9275411088334,19.0478970498925,0.127754548292669,35.0638819410346
"USGS-10172640",100,1527.83948855989,1356,1272,2832,6.2839370246399,2.46806505537221,0,37.3633198535531
"USGS-10172700",100,2152.68293130331,2145,1856,2575,8.92211406493676,8.10372919461365,8.04623761290883e-14,28.949583682196
"USGS-10172727",100,1912.82126325764,1854,1605,2774,6.41309825091927,3.2704029318368,0,33.6689723889532
"USGS-10172765",100,2242.68729851709,2107,1822,3128,17.8836856147713,18.1793556019924,2.04602379785615,39.0412511177482
"USGS-10172795",100,2181.73669991687,2164.5,1644,3103,18.6779423956297,19.2367557762494,0.254230439733039,40.1504774662077
"USGS-10172800",100,2530.87523003312,2538,1874,3340,24.777761444489,24.8279907987778,2.39925403319207,58.7776054346579
"USGS-10172805",100,2277.58530710558,2265,1698,3183,20.2416421907003,19.9281186056374,2.21267354421578,53.696543890696
"USGS-10172870",100,2584.6549377916,2660,1592,3510,23.1288319988396,25.2586518496199,0.802321207115887,43.1980485586813
"USGS-10172875",100,2724.83625730994,2739,1837,3665,25.0522724675888,26.2600111104307,0.761528216873496,42.9443754729273
"USGS-10172907",100,1976.95347977221,1937,1749,2669,6.19739083648899,4.62303285353671,2.54444374517081e-14,32.4342658314871
"USGS-1017290885",100,1856.6267130448,1830,1629,2669,4.0722196546332,2.36614911200163,0,34.6207783849225
"USGS-10172914",100,1808.4761723145,1795,1398,2679,5.4348759644676,3.67560473528602,0,56.9531282703435
"USGS-10172952",100,2443.93324968632,2440,1701,3024,17.2983263393611,17.7665651785311,0.517970282198688,39.6241011889392
"USGS-10224100",100,2363.75253807107,2353,1966,2798,18.5256293700348,18.4362654573862,1.8403137069516,38.3610460225189
"USGS-10242300",100,2037.92256427896,2022,1676,2675,9.62046924583805,8.44099302006386,0.124434217042732,36.1683660008887
"USGS-10243260",100,2862.56236371566,2891,1924,3959,18.0412626448793,17.3035666645143,0.89628317538669,58.0869949857543
"USGS-10244745",100,2579.39734927235,2569.5,1901,3331,21.820800862228,22.2145121274721,0.623209615669871,53.6658993195465
"USGS-10244950",100,2728.7402057343,2700,2219,3330,17.3043795786117,16.8177235255198,0.155449281049119,40.3946924254463
"USGS-10245445",100,2388.0686050061,2370,2076,2840,10.483062474716,9.56217739236123,0.126388884538119,32.5421016021783
"USGS-10245960",100,2147.84614043499,2124,1954,2606,5.87442177791315,4.31516671985331,3.59838685311596e-14,28.4604540304594
"USGS-10245970",100,2410.57093654789,2399,2063,3067,13.3233356478319,12.5786565729254,0.200809256673262,37.7900463926865
"USGS-10249300",100,2755.12848874598,2772,1897,3566,24.2809570482226,25.5556358097948,0.670276260510125,43.3011347939701
"USGS-10249900",100,2977.11702345941,2933,1705,4131,20.4698046022832,21.6317051787554,0.706264159997749,45.3609904545803
"USGS-10251100",100,1111.09898378543,1188,-57,2747,10.8593752337393,8.03345029655553,0,63.4789062215422
"USGS-10251218",100,1516.43663800008,1512,933,2255,6.27101704797651,4.4718444200373,0,36.8196807126483
"USGS-10251248",100,2015.89280397022,2025,1765,2317,9.07096760007903,7.15003036285293,0.580875596409903,31.5432344005641
"USGS-102512533",100,1322.39626168224,1305,1138,1615,12.111482454149,11.7915531877016,0.365795465651645,26.8855610502339
"USGS-1025125356",100,1353.31178707224,1349,1227,1480,10.2938689797091,10.1101351077786,2.55477448028445,22.5861952406266
"USGS-102512537",100,1305.12732095491,1304,1151,1484,10.4118838900892,10.0758582010534,1.84726983816241,21.8717323381385
"USGS-10251300",100,1099.75654306379,1032,398,2415,5.7797687096583,3.08105244464915,0,65.1420103178565
"USGS-10251330",100,1096.46948666529,1029,323,2415,5.78189497339178,3.09886868502735,0,65.1420103178565
"USGS-10254050",100,457.949837346142,537,-72,1352,4.99180262273545,2.22719839404015,0,39.4077490234692
"USGS-10254970",100,45.2406815646673,14,-19,1073,1.62299323908278,0.480282169121699,0,47.3660041859652
"USGS-10255550",100,68.8920731405164,13,-70,1355,2.0676696185457,0.609398641075334,0,47.3660041859651
"USGS-10262000",75.7,1085.71873484743,957,679,2578,4.35900186585845,2.02873214968812,0,40.3254430320881
"USGS-10263000",85.2,960.831474614076,898,374,2578,4.14175715811332,2.15849561344917,0,40.3254430320879
"USGS-10265160",100,2275.37522702506,2247,2130,2608,7.95129567882371,6.77981705918746,0.12463250554283,26.5609705556395
"USGS-10289000",100,2531.64210291493,2451,2023,3752,9.91361654573692,8.49475861773361,0.125076453236905,43.9706853378241
"USGS-10289500",97.3,2920.74466998596,2954,2084,3752,21.4385631946999,21.6711493233696,0,51.5141065509169
"USGS-10293000",81,2517.50093072682,2454,1953,3752,13.1905175363134,11.1829125933621,0,59.7857893191001
"USGS-10293500",93.4,2246.31931153201,2215,1397,3752,10.7257424530638,8.81339776199857,0,59.7857893190996
"USGS-10299100",100,2552.91730779577,2506,1775,3546,14.386601877136,13.5381869337605,0.125474813287364,39.8285840682842
"USGS-10299300",100,2288.4549283909,2324,1491,2807,21.1707418247616,21.7708757882004,0.737106837202389,42.3801405364996
"USGS-10300000",80.9,2170.11604599121,2159,1421,3546,11.2523604255306,9.41772228876775,0,53.7420505434532
"USGS-10300600",89.2,2153.6775809108,2136,1280,3752,10.4588603889722,8.46891395707842,0,59.7857893190997
"USGS-10301495",89.7,2118.34226282935,2103,1280,3752,10.0870618599931,8.01424521063857,0,59.7857893190997
"USGS-10301500",89.8,2113.38350650149,2098,1280,3752,10.0468913425921,7.959480417313,0,59.7857893190997
"USGS-10301600",90,2095.63013793638,2079,1280,3752,9.91015382911756,7.77583597355466,0,59.7857893190997
"USGS-10301720",90.3,2076.09218336584,2054,1270,3752,9.75900752579588,7.56115510022606,0,59.7857893190997
"USGS-10302002",90.6,2057.90268244484,2032,1229,3752,9.69723388333507,7.45141391242948,0,59.7857893190997
"USGS-10302025",90.9,2037.16497178897,2009,1205,3752,9.57499332257301,7.26517408969693,0,59.7857893190998
"USGS-10308800",100,2242.21374522194,2265,1639,2719,13.1339432893389,12.6982657068377,2.54444374517081e-14,34.3969410968759
"USGS-10311300",91,1552.11512612377,1468,1404,2468,6.95676946354712,3.43463233631655,0,33.124831057686
"USGS-10312150",75,1802.43664192508,1673,1232,3469,9.33678862145607,7.24086288353578,0,52.8424014560581
"USGS-10312275",75.5,1788.33610000341,1656,1192,3469,9.14778213905149,6.97739426516905,0,52.842401456058
"USGS-10316500",100,2750.29389119643,2789,1929,3435,27.2258757554652,28.5245218183129,0.371429886104442,60.2338424192706
"USGS-10318500",100,1926.8224642301,1869,1561,3457,6.57795306051994,3.90177056495826,0,60.2338424192709
"USGS-10320000",100,1946.66820212025,1823,1566,3457,6.90270945795114,3.35327381140278,0,56.7876587264004
"USGS-10321000",100,1915.19858620764,1848,1506,3457,6.63243487178824,3.8837836923387,0,60.2338424192709
"USGS-10321590",100,1825.54373582728,1827,1497,2563,7.33516493900994,6.17996042256377,0,35.0889093591192
"USGS-10321860",100,1914.3732547993,1907,1676,2255,12.7245883057173,12.3932791577424,0.25454002749509,33.4014048624527
"USGS-10321950",100,1890.33486325977,1858,1551,2663,8.7729054126109,6.8281475322358,0,45.2687576842625
"USGS-10322000",100,1860.13017339536,1828,1440,2663,8.31117792465314,6.2925948492437,0,45.2687576842625
"USGS-10322150",100,1763.92117583016,1747,1491,2346,7.16738293760244,5.40046701983439,5.08888749034163e-14,29.8403730590662
"USGS-10322500",100,1902.15329782533,1842,1440,3457,6.81366906081018,4.21230306743622,0,60.2338424192709
"USGS-10322510",100,2081.19298245614,2082,1975,2225,4.78640897308138,4.71278851345435,0.762166275888722,14.7301670929531
"USGS-10322535",100,2249.99008449733,2210,1933,3068,8.64437780405639,7.52694827563773,0.155449281049093,33.1127330468654
"USGS-10322555",100,2443.86095505618,2451.5,1991,3067,16.4341727028486,16.6443898427633,0.553758889157596,35.7638605458618
"USGS-10323400",100,1884.05302910928,1830,1413,3457,6.66878525932638,4.17302236147814,0,60.2338424192708
"USGS-10323425",100,1883.42890263886,1830,1405,3457,6.6717659638936,4.17510956327263,0,60.2338424192708
"USGS-10323600",100,1881.82929093851,1829,1383,3457,6.68763292594364,4.18423420703248,0,60.2338424192709
"USGS-10324500",100,1757.29254332626,1730,1427,2616,6.17871798216683,4.38946961508432,0,45.2250412366493
"USGS-10324700",100,1844.50880551302,1795.5,1310,2635,9.57845033032267,8.59209581602275,0,38.9216346710047
"USGS-10325000",100,1847.66448145027,1802,1310,3457,6.52481401756406,4.09589683970958,0,60.2338424192709
"USGS-10325500",100,2659.02464757514,2627,2130,3566,15.9685533181612,15.9395934848399,0.12583339446072,36.0287322610356
"USGS-10327500",100,1827.35774092433,1786,1225,3566,6.35298051184384,3.8294572009858,0,60.2338424192709
"USGS-10333000",100,1777.46141787989,1748,1225,3566,6.16903772086406,3.6268693625294,0,60.2338424192709
"USGS-10335000",100,1768.75705014824,1741,1225,3566,6.1312842806886,3.58915237400432,0,60.2338424192709
"USGS-10336000",100,1762.10038479885,1736,1188,3566,6.13012398668386,3.58472931030545,0,60.2338424192709
"USGS-10336035",100,1407.25294269952,1341,1187,2223,4.61554023526948,3.01331394210104,0,33.3546220257838
"USGS-10348245",100,1513.49692314221,1459,1346,2169,5.43349091987663,4.04608484395824,0,32.2984560300227
"USGS-10351356",100,1320.82313333333,1272,1231,1822,4.16232250920424,2.06122442823945,0,32.6293122739096
"USGS-10352500",100,1799.59469767544,1771,1388,2590,8.39396783623167,6.54144351848952,0,41.3860841129871
"USGS-10353700",100,1881.5313168783,1842,1302,2844,12.5497909557915,10.8482440799946,0.129129353486023,40.190395736219
"USGS-10353750",100,2177.32164709773,2174,1799,2673,12.1370885689051,11.6061859483814,0.129033099074497,32.640669705306
"USGS-10353770",100,1779.30404473725,1763,1377,2584,11.3454059987224,10.5008142399653,0.155449281049068,34.6612256737695
"USGS-10353800",100,1411.07247796278,1385,1217,1848,9.3378023123723,7.65977249083714,0.863889998633649,27.4271592191382
"USGS-10396000",100,1890.60878360207,1823,1298,2961,7.74927549349894,4.79255324241974,0,51.4897282532529
"USGS-11013500",99,872.809431980411,890,-17,1928,8.02987894795516,5.98277445864866,0,46.527821919419
"USGS-11014000",100,488.710399689561,440,154,1124,11.1976569600304,10.1553074711946,3.18055468146352e-15,38.1558925798038
"USGS-11015000",100,1311.42946448329,1297,758,1970,10.4151055284138,9.53811215866904,0.120283059866065,32.481674775995
"USGS-11016200",100,966.551264292255,912,168,1970,10.3896263225442,9.15405057140115,0.120215146882261,38.7953744285885
"USGS-11022200",100,364.777451802179,371,164,673,8.25558677476415,6.66260889476705,0.183597466106417,35.5121203571965
"USGS-11022480",87.1,641.657838540111,539,89,1970,10.5993012346016,9.09921096246956,0,49.237399629632
"USGS-11023000",89,568.675815550337,467,-9,1970,9.88585825195147,8.26335603662227,0,49.2373996296318
"USGS-11023340",100,263.215244058267,228,76,802,7.2117254560756,6.18702511746342,0,33.5791626685155
"USGS-11039600",100,338.186537364518,342,122,638,12.3179785684342,11.975472048697,0.120663691725153,29.1805133002912
"USGS-11044250",100,428.987577639752,415,172,720,11.0371237925306,9.92228220059092,6.36110936292703e-15,34.3232921601392
"USGS-11060400",93.3,425.272945205479,395,297,1212,3.81322149636389,1.29805278232014,0,34.9842812307909
"USGS-11073495",80.2,610.563841396872,379,156,2686,6.88956561799019,1.84600752324591,0,48.2131328585746
"USGS-11092450",99.6,356.934659304617,300,182,1138,5.33747999958842,2.38828129069501,0,36.9464585561441
"USGS-11261100",99.4,58.785209666791,42,15,545,0.722421345167003,0.496339233267426,0,20.4743007239665
"USGS-11262900",100,29.2055082925153,27,15,53,0.561331938456921,0.496017418123369,0,5.27280334825906
"USGS-11274560",100,43.6122064165488,41,6,103,0.856560815681609,0.777205700128645,0,5.61707195283829
"USGS-11447360",100,43.7102452531646,45,3,86,0.9506108060321,0.879467570440803,0,3.68352462514198
"USGS-13038380",100,1489.91146168706,1489,1454,1533,0.649093119949915,0.538796496307267,0,10.8712512139902
"USGS-13056600",100,1512.04993991187,1490,1466,1677,1.23164015270482,0.631255161459285,0,19.4284302522557
"USGS-13057090",100,1460.62002487562,1460,1451,1474,0.610210538661735,0.538906170893773,0,2.66568332386508
"USGS-13065940",100,1852.2165367672,1867,1437,2273,13.6469571584,12.6589771371668,0.326877144824769,43.2978323174917
"USGS-13069540",100,1454.48428277825,1449,1329,1682,1.05385502120704,0.920158811903043,0,11.7476067689808
"USGS-13069565",100,1382.3497810219,1369,1328,1548,0.915388193836657,0.805230474604959,0,4.13133345266542
"USGS-13073000",100,1873.76113192615,1853,1499,2813,8.7539895884504,7.61632520424347,0,38.1072397488117
"USGS-13075000",100,1709.5968116475,1642,1397,2807,7.82897761210006,5.5065633795781,0,42.81932447395
"USGS-13075100",100,1818.56387738887,1775,1378,2465,11.5719837990961,10.4580478406227,0.130714374975234,37.2600243411002
"USGS-13075500",100,1777.94364394004,1747,1348,2813,9.2960274534516,7.7698691598284,0,45.0005382211085
"USGS-13075910",100,1768.74506379773,1739,1327,2813,9.18521715631981,7.68353772344604,0,45.0005382211086
"USGS-13075958",100,1653.65745856354,1602,1334,2680,6.22008391288944,4.44214126959288,0,36.2897668088378
"USGS-13075981",100,1369.23786407767,1354,1340,1470,2.63059472740533,2.76895132755946,0,7.71746912646787
"USGS-13075983",100,1386.9218236487,1360,1332,1584,1.69340882601671,0.65229627161864,0,16.1500575764327
"USGS-1307599660",100,1849.43496420048,1853,1505,2380,14.3886378289572,15.3169155764587,0.255602818742288,33.0935669113846
"USGS-1307599910",100,1845.45268710847,1825,1525,2497,12.4886673576231,11.5771949478743,0.255644608903037,32.0824955528024
"USGS-13076100",100,1769.93938576779,1753,1434,2200,7.72782018008434,6.49380396878638,3.59838685311596e-14,32.8670283922938
"USGS-13076110",100,1743.28155749887,1686,1428,2651,8.33567534375791,5.92218780058389,0,37.7130938456019
"USGS-13076200",100,1693.20407520996,1646,1333,2651,7.55195330651647,5.21328586282972,0,37.7130938456019
"USGS-13077600",100,1948.89875263243,1941,1519,2497,17.9619833172571,18.4108723935073,0.851469868717907,35.2343530388026
"USGS-13077650",100,1701.66961453283,1641,1277,2554,8.17141224177257,5.11681836387381,0,36.4831570556339
"USGS-13077700",100,2589.12903225806,2624,2121,2966,16.3790148214893,16.0960023336526,0.402188634618884,35.9317509162714
"USGS-13078000",100,1936.46865189703,1886,1510,3138,8.33758080141473,6.15803168729043,0,40.2487801349025
"USGS-13079901",100,1739.50470971014,1697,1275,3138,6.82542540731105,3.91117934377555,0,41.0133283897401
"USGS-13082320",100,1678.02408525317,1593,1259,2816,7.57635871370669,6.06755886987403,0,36.1214556045004
"USGS-13082500",100,1841.6782660074,1815,1450,2585,8.27025834133963,6.65742829235049,0,41.0403299085459
"USGS-13083000",100,1934.95567239269,1925,1453,2396,13.3217606987897,12.1406126617969,0.129837731229897,38.28032907978
"USGS-13088400",100,1879.37874349931,1877,1353,2268,9.7191705641678,7.10017014826006,3.59838685311596e-14,35.6899459641919
"USGS-13088510",100,2041.39884305069,2146,1445,2336,10.9084218691239,8.539661430137,0.129824615070966,37.4763077486605
"USGS-13089500",100,1193.31945461716,1191,1094,1340,1.01827893785222,0.884400418865663,0,13.0631368976143
"USGS-13090370",100,1166.67367088608,1166,1094,1213,0.851699003535833,0.804863983744554,0,4.11246453127894
"USGS-13092747",100,1596.552023322,1542,1102,2445,8.50461421173041,5.85221440611934,0,47.258327182064
"USGS-13093000",100,1541.35595405731,1436,967,2445,7.45405616674198,4.26822633508973,0,47.2583271820638
"USGS-13093550",100,1189.65971125649,1190,909,1416,1.5783360259478,1.20719022412087,0,31.4026547163527
"USGS-13094700",100,1114.06447220413,1121,889,1235,2.04489001296637,1.42095538193313,0,19.8578725859395
"USGS-13095050",100,1217.61482677717,1220,882,1428,1.39985310747543,1.17039898133638,0,22.2027886855762
"USGS-13105000",100,1937.21513285218,1901,1542,3087,6.9350620540128,5.08549383495256,0,48.7313146670034
"USGS-13108150",100,1817.25237558438,1819,883,3087,5.80424245550497,3.74156945940357,0,48.7313146670034
"USGS-13132513",100,1586.79868612105,1574,1527,2290,1.83484471548253,1.16785438442982,0,39.482787747112
"USGS-13150430",79.6,1570.31009283653,1516,1467,2333,6.32722711360759,1.1632010435655,0,38.6962098457114
"USGS-13154400",100,1336.72498231615,1314,766,2067,5.31281649798205,3.63778272921915,0,35.7137066907547
"USGS-13155620",100,1289.35323074194,1134,754,2231,6.47475940515846,4.41485283699095,0,29.9739286779048
"USGS-13155700",100,1061.28923323867,1055,753,1591,3.36463461038172,1.93032529747867,0,29.4503283171148
"USGS-13156000",100,1270.67611252493,1088,750,2256,7.26478551810951,3.04970889186133,0,38.7769741461561
"USGS-13157000",100,1227.91381704981,1111,752,2256,6.21460683803246,3.52392883836517,0,38.7504347885618
"USGS-13161500",100,2044.9527911586,2010,1483,3003,11.7636507873324,10.7117667549224,0,42.4651288493872
"USGS-13162225",100,2456.36797103682,2473.5,1806,3270,22.1973007147057,23.0414609920268,0.497226216428168,42.4247582978452
"USGS-13168500",100,1713.75151053265,1674,794,3270,6.0002335613935,2.72833239387284,0,57.076150157415
"USGS-13169500",100,1575.63573593803,1623,847,1918,4.46081795600261,2.61581491140548,0,45.149094386493
"USGS-13170800",100,818.563282856609,814,746,912,1.78734254214547,1.59785164470082,0,7.86352442831852
"USGS-13170900",100,820.394650760054,816,747,912,1.77919159972378,1.56917857831826,1.27222187258541e-14,7.86352442831845
"USGS-13172890",100,1008.09158390499,925,673,1559,4.48589296387074,2.864030565825,0,38.7019388497492
"USGS-13173500",100,1294.90442718767,1304,672,2257,7.59818016615841,6.35270122532946,0,56.411528345316
"USGS-13174500",100,2048.57994193022,2021,1876,2681,7.3313060270342,5.88985757721584,0,39.990770248351
"USGS-13175100",100,2039.59695310789,2018,1692,2775,9.54021947268424,8.25212462314262,0,39.990770248351
"USGS-13177985",100,2016.6574996588,2011,1618,2441,13.3527808172259,12.7764393477777,0.155449281049042,35.2460905813536
"USGS-13181000",100,1683.69846399133,1652,1021,3168,4.87199759359544,2.54880451330178,0,56.2911617239268
"USGS-13183000",100,1580.29287324851,1604,716,3168,4.81163989602385,2.52084778388146,0,57.0087865848517
"USGS-13184000",100,1569.41736472978,1600,666,3168,4.83759985513329,2.56068619285112,0,57.0087865848517
"USGS-13206305",100,790.558365758755,788,775,818,1.39260956722986,0.932615601297432,1.27222187258541e-14,7.39321658457455
"USGS-13210980",100,736.7775,736,722,753,0.977831815867089,0.639228070561267,0,6.78327402453647
"USGS-13210983",96.9,891.592876351887,839,719,1614,1.79778862165929,1.02104849167096,0,26.8294196005498
"USGS-13210986",100,805.672324093817,809,718,944,2.46150090128091,2.07049938131665,1.27222187258541e-14,10.7609885672855
"USGS-13211309",90.1,972.251874673537,944,734,1601,2.01973874560411,1.0714724520736,0,32.5871797604257
"USGS-13211445",91.3,946.33799361321,927,711,1601,1.89898918894894,1.03088024899258,0,32.5871797604257
"USGS-13212890",100,789.899929553965,782,687,982,1.24193260057115,0.886287102102371,0,14.0824671688082
"USGS-13213072",100,757.543302990897,764,669,863,2.07237730661123,1.68145405683032,0,10.9465866172563
"USGS-383926107593001",100,1781.37991099367,1741,1589,2371,4.05107954134719,2.08340100772271,0,30.0409974875542
"USGS-383946107595301",100,1781.37991099367,1741,1589,2371,4.05107954134719,2.08340100772271,0,30.0409974875542
"USGS-391509108433001",100,1913.93454441864,1947,1442,2699,12.8104962404431,11.4606138686702,2.54444374517081e-14,47.8477330786095
"USGS-391953108130201",100,2236.64202546574,2313,1497,2763,16.797536485873,13.8003356450983,2.54444374517081e-14,57.6463678576332
"USGS-393109104464500",98.8,2067.79145092473,2069,1760,2354,3.0179674211289,2.68744099516104,0,23.2723680125764
"USGS-411316112132201",100,1284.76132335565,1285,1277,1399,0.515572548203648,0.410066506366978,0,17.1697694164397
"USGS-424325118495900",100,1908.87745292006,1832,1396,2961,7.78664757343927,4.50006378709985,0,51.4897282532531
"USGS-424547118503500",100,1887.476923287,1802,1329,2961,7.7154617906102,4.56668884333708,0,51.4897282532531
"USGS-424551118503200",100,2056.243286107,2092,1329,2586,8.11540644794859,6.31641915493749,0.130567306313412,32.4445779846341
"hanan_bell_3",,926.272727272727,939,772,1063,19.9159422474809,19.8427464937828,11.8202217178499,25.6002506306004
"hanan_bell_4",,893.5,898.5,768,1009,18.9178737343435,18.8310184283333,16.2413410176797,22.0141744784466
"neon_rebu",,2113.06833210874,2116,1712,2523,22.1447815005745,22.7374712911271,1.83922234786356,39.525135126173
"neon_sycr",,1270.54169984332,1250,649,2164,13.3131908742107,12.3840047192514,0,39.8371739354264
"sbc_lter_ata",,95.3910690121786,74,14,336,5.12136559732874,3.56228786090089,8.19610181232926e-16,20.6529324784954
"sbc_lter_bel",,306.136444444444,196,21,933,14.3392092296964,13.5370920564069,0.405056554377493,35.4540896081771
"sbc_lter_bur",,316.242058823529,195.5,8,1205,12.4512448111742,11.5503656088603,8.88992059238452e-16,39.644735653074
"sbc_lter_gav",,302.511001776684,275,28,861,12.7919672832485,12.1004477365498,0.243367006421785,36.6715139805843
"sbc_lter_hon",,453.676350958745,460,14,861,17.927210152459,18.0497488115245,0.474373345311189,36.1846400951795
"sbc_lter_mis",,387.56991852015,246,6,1200,11.7991333609373,10.0211639269316,7.95138670365879e-16,43.5204259938324
"sbc_lter_noo",,619.779463243874,611,105,1200,17.5444313996404,17.3905791457792,0.873671158813508,43.5204259938304
"sbc_lter_ped",,338.440516655337,285,23,870,12.6180908157201,12.7334352231484,3.9756933518294e-16,32.7408627611945
"sbc_lter_rat",,763.638580931264,774.5,279,1157,19.5443482664845,19.3516941069953,0.873671158813646,37.7155623199692
"sbc_lter_ref",,352.39858110287,286,10,991,12.7949820557151,12.6263525736128,8.99596713278989e-15,28.987448286585
"sbc_lter_tec",,454.310312204352,481.5,20,968,16.856010384137,16.4146701536878,0.502444547337833,36.2482117703269
"sycr_bmw",,1206.95734199387,1190,618,2164,12.6656276668082,11.6651122193837,2.54444374517081e-14,39.8371739354263
